freq,power
0.0,717.125
0.0022727272727272726,409.0832760853834
0.004545454545454545,-31.073618099492034
0.006818181818181818,-121.04838171409865
0.00909090909090909,-0.19135832257763852
0.011363636363636364,54.121917599443584
0.013636363636363636,19.78818289390167
0.015909090909090907,-9.350459235846797
0.01818181818181818,-9.946756903233734
0.020454545454545454,-49.12125469865598
0.022727272727272728,-43.84777735323008
0.024999999999999998,38.56283694098444
0.02727272727272727,27.319242816647723
0.029545454545454545,-28.78508946654251
0.031818181818181815,14.837881106756239
0.03409090909090909,73.45127598141673
0.03636363636363636,42.901502055414724
0.038636363636363635,-8.990057688553941
0.04090909090909091,-37.711617187540476
0.04318181818181818,0.44729246908298137
0.045454545454545456,43.319133372684234
0.04772727272727272,3.0909997066283426
0.049999999999999996,-26.49583888451299
0.05227272727272727,-4.793842994014787
0.05454545454545454,18.99463918937973
0.056818181818181816,34.92125715250185
0.05909090909090909,11.12977873873481
0.06136363636363636,-46.680275913703625
0.06363636363636363,-12.0204780481751
0.0659090909090909,38.14712359372737
0.06818181818181818,29.59145075940787
0.07045454545454545,22.92835422902668
0.07272727272727272,22.58557061763422
0.075,8.35132528705751
0.07727272727272727,24.611487761297955
0.07954545454545454,42.533245676773646
0.08181818181818182,40.2993826019388
0.08409090909090909,49.61385246760744
0.08636363636363636,26.439124424169798
0.08863636363636364,6.541541828188034
0.09090909090909091,7.319368793327545
0.09318181818181817,-10.90412027577901
0.09545454545454544,-19.372598781372787
0.09772727272727272,4.439097506849269
0.09999999999999999,-9.987570572150622
0.10227272727272727,-5.285654937473429
0.10454545454545454,20.20544703009162
0.10681818181818181,9.809957714630446
0.10909090909090909,8.563209882155263
0.11136363636363636,21.6372047862273
0.11363636363636363,9.806765701727274
0.1159090909090909,18.13763538195883
0.11818181818181818,27.875690987527754
0.12045454545454545,5.969211339806957
0.12272727272727273,10.171052370761146
0.125,10.732026662353874
0.12727272727272726,-17.784740947801573
0.12954545454545455,-10.127780245079581
0.1318181818181818,-2.46565791140023
0.1340909090909091,-2.4041052917047203
0.13636363636363635,22.803518663592165
0.13863636363636364,6.333546791448175
0.1409090909090909,-35.7227046943615
0.1431818181818182,-17.187735496644702
0.14545454545454545,0.049764859659603644
0.1477272727272727,14.015788711054231
0.15,14.153752800309269
0.15227272727272725,-34.657317194297846
0.15454545454545454,-51.25823512265156
0.1568181818181818,-23.43596203584738
0.1590909090909091,-15.99943761443006
0.16136363636363635,9.733340746754244
0.16363636363636364,22.264221839425225
0.1659090909090909,-17.078434591978883
0.16818181818181818,-22.863728420839756
0.17045454545454544,5.098541176017343
0.17272727272727273,14.865408054880678
0.175,28.83235419855529
0.17727272727272728,13.095746609375864
0.17954545454545454,-28.120294520586732
0.18181818181818182,-19.703502538660466
0.18409090909090908,-12.528509134347793
0.18636363636363634,-25.198814388229835
0.18863636363636363,6.7588465597279
0.1909090909090909,11.134985782960747
0.19318181818181818,-1.617486067104525
0.19545454545454544,8.008435799755778
0.19772727272727272,-14.715049896445645
0.19999999999999998,-24.632185555307032
0.20227272727272727,12.944061783669353
0.20454545454545453,29.942533349510448
0.20681818181818182,30.10661442667581
0.20909090909090908,0.7444453969996481
0.21136363636363636,-53.609300071775465
0.21363636363636362,-29.522384870767084
0.2159090909090909,20.52444082112071
0.21818181818181817,25.825068971552923
0.22045454545454543,16.7905004976792
0.22272727272727272,-15.070600995146249
0.22499999999999998,-61.45628300966085
0.22727272727272727,-23.229760234508266
0.22954545454545452,34.02505688590314
0.2318181818181818,29.585182664211793
0.23409090909090907,11.316817590279207
0.23636363636363636,5.373238102918056
0.23863636363636362,14.94701119568418
0.2409090909090909,29.321219058923603
0.24318181818181817,-3.2074838786786586
0.24545454545454545,-31.808599137341112
0.2477272727272727,-6.2503354324702105
0.25,3.2831999999999937
0.25227272727272726,20.011721990118033
0.2545454545454545,47.281906783520064
0.2568181818181818,22.957836071230126
0.2590909090909091,-3.691621921501813
0.26136363636363635,6.0753505009978666
0.2636363636363636,-1.2272850758760727
0.2659090909090909,-14.228979863869402
0.2681818181818182,-7.758216369496402
0.27045454545454545,-16.039354867182357
0.2727272727272727,6.429315299518169
0.27499999999999997,19.272756307797753
0.2772727272727273,-1.7826105069941338
0.27954545454545454,-7.898924643477066
0.2818181818181818,-13.53097479315761
0.28409090909090906,-30.57549908787041
0.2863636363636364,5.685637691113923
0.28863636363636364,8.727374316374085
0.2909090909090909,-27.856755568944013
0.29318181818181815,-17.92376928393508
0.2954545454545454,-11.70679969493768
0.29772727272727273,-25.99425458467742
0.3,-19.14057942784939
0.30227272727272725,-12.112127684565422
0.3045454545454545,-6.635382836726318
0.3068181818181818,11.290219628204952
0.3090909090909091,-2.689605275365456
0.31136363636363634,8.75635556053416
0.3136363636363636,31.15233730357616
0.3159090909090909,2.6730231120024683
0.3181818181818182,-11.434605341668657
0.32045454545454544,18.29103609881875
0.3227272727272727,26.556316358221835
0.325,36.935317189359324
0.32727272727272727,33.04030036451597
0.32954545454545453,-3.995417915350239
0.3318181818181818,26.385800829212535
0.33409090909090905,48.189862622395886
0.33636363636363636,11.933676614651802
0.3386363636363636,-1.545200708375491
0.3409090909090909,-7.252704852570131
0.34318181818181814,-9.578640392386216
0.34545454545454546,34.44438762554493
0.3477272727272727,41.30550492971875
0.35,2.4318954418353
0.35227272727272724,-26.783133122037537
0.35454545454545455,-43.90245270806017
0.3568181818181818,-4.426245116154708
0.35909090909090907,17.23279547162905
0.36136363636363633,-32.72387345744187
0.36363636363636365,-42.49815816418208
0.3659090909090909,26.497884232778855
0.36818181818181817,22.173042307394716
0.3704545454545454,-18.31340887037874
0.3727272727272727,-31.467474998154202
0.375,-29.159826662353865
0.37727272727272726,-16.17475830724792
0.3795454545454545,-6.000221369033557
0.3818181818181818,-3.7807824017696845
0.3840909090909091,8.721510547818811
0.38636363636363635,-27.83024222002659
0.3886363636363636,-56.30132401625109
0.3909090909090909,18.266759928918255
0.3931818181818182,42.70218167742398
0.39545454545454545,-13.008004722345987
0.3977272727272727,-16.113805919237397
0.39999999999999997,26.725935555306997
0.4022727272727272,45.91412599940908
0.40454545454545454,35.234197154358014
0.4068181818181818,-7.714344229463
0.40909090909090906,-27.92998646009948
0.4113636363636363,0.3259830251602831
0.41363636363636364,21.064031972873806
0.4159090909090909,38.09336839480854
0.41818181818181815,23.913168951136356
0.4204545454545454,-12.300919662615337
0.42272727272727273,5.605661449899351
0.425,39.986700807793056
0.42727272727272725,-2.968471041276601
0.4295454545454545,-16.766789519650096
0.4318181818181818,11.62823010084442
0.4340909090909091,7.760169052322329
0.43636363636363634,-9.63846005461835
0.4386363636363636,-25.078947646999655
0.44090909090909086,-36.62897340933955
0.4431818181818182,-36.18055619289774
0.44545454545454544,-44.64580980449844
0.4477272727272727,-35.351651705699126
0.44999999999999996,17.986990642368397
0.45227272727272727,10.466978411924018
0.45454545454545453,-19.50712339000316
0.4568181818181818,19.24477337625752
0.45909090909090905,42.04225853972688
0.46136363636363636,4.036014578551006
0.4636363636363636,-0.23914152699595448
0.4659090909090909,20.210708054533875
0.46818181818181814,35.1112918559143
0.47045454545454546,6.3802627001521355
0.4727272727272727,-66.54711051606802
0.475,-49.0002077218865
0.47727272727272724,33.9435818237045
0.4795454545454545,45.73087086096451
0.4818181818181818,31.2526383942391
0.48409090909090907,23.400027529428662
0.48636363636363633,7.574779112932865
0.4886363636363636,24.058116406837648
0.4909090909090909,35.53308242494376
0.49318181818181817,26.42091688235918
0.4954545454545454,31.571004917968313
0.4977272727272727,-12.098666625211933
0.0,1055.4848
0.0021551724137931034,151.80348494469672
0.004310344827586207,177.6170193682089
0.00646551724137931,16.833913198992725
0.008620689655172414,112.34806740833523
0.010775862068965518,49.06609549432577
0.01293103448275862,82.46644078423176
0.015086206896551723,-12.033753612688457
0.017241379310344827,31.83071914126923
0.01939655172413793,36.37988159004565
0.021551724137931036,-11.174246041885066
0.023706896551724137,-6.7435082143889336
0.02586206896551724,120.22049672289226
0.028017241379310345,2.622405618968047
0.030172413793103446,-3.8102645697048647
0.032327586206896554,-6.237950579067175
0.034482758620689655,-35.881333027469154
0.036637931034482756,49.78807199197328
0.03879310344827586,56.88165862467808
0.040948275862068964,82.80491664780146
0.04310344827586207,63.006611449188966
0.04525862068965517,6.906721462421729
0.04741379310344827,17.613135034138825
0.04956896551724138,43.62676288114426
0.05172413793103448,53.40329280095442
0.05387931034482758,-21.85221580292988
0.05603448275862069,63.57952044957764
0.05818965517241379,-0.4724141091182372
0.06034482758620689,-29.209379325479325
0.0625,35.92233830630637
0.06465517241379311,-32.42342264622038
0.0668103448275862,-36.66058331505552
0.06896551724137931,68.54221541669747
0.07112068965517242,20.87470778886279
0.07327586206896551,33.753837697866764
0.07543103448275862,63.132919237468904
0.07758620689655173,-48.91077721307086
0.07974137931034482,-12.17238413968322
0.08189655172413793,24.53049309888494
0.08405172413793104,-24.726682076707917
0.08620689655172414,1.918850662994954
0.08836206896551724,-59.64337968363589
0.09051724137931035,23.681999810301647
0.09267241379310345,-13.099595574443935
0.09482758620689655,27.505974009658374
0.09698275862068965,29.526240710355506
0.09913793103448276,4.736075556433993
0.10129310344827586,55.06484115022173
0.10344827586206896,-29.757030033390098
0.10560344827586207,-17.98987801317481
0.10775862068965517,10.064561286396215
0.10991379310344827,-32.33745043019443
0.11206896551724138,13.123024002260708
0.11422413793103448,-4.082948710772017
0.11637931034482758,-24.261801221766028
0.11853448275862069,-7.703937505981331
0.12068965517241378,7.94907198177104
0.12284482758620689,-7.513929531752722
0.125,-10.333119951279313
0.1271551724137931,8.95231648018801
0.12931034482758622,-21.900845007712192
0.1314655172413793,2.4156041975777764
0.1336206896551724,23.883021107166904
0.13577586206896552,16.536045329432923
0.13793103448275862,44.99707546416646
0.1400862068965517,-18.175755471272748
0.14224137931034483,103.39510704507268
0.14439655172413793,12.760894021819269
0.14655172413793102,16.726943911824897
0.14870689655172414,39.772562246303195
0.15086206896551724,3.1284931956545616
0.15301724137931033,2.5388185002490333
0.15517241379310345,-17.70753014547794
0.15732758620689655,-50.3083108606791
0.15948275862068964,20.255681006621234
0.16163793103448276,-46.657620339801866
0.16379310344827586,-20.176769663581812
0.16594827586206895,1.8862302575805483
0.16810344827586207,38.54569672242728
0.17025862068965517,55.559321055710285
0.1724137931034483,23.75608371837329
0.17456896551724138,3.4444584887596665
0.17672413793103448,48.26456952142202
0.1788793103448276,48.84458200885851
0.1810344827586207,59.76077291829979
0.18318965517241378,13.366399136107255
0.1853448275862069,20.224753922476637
0.1875,10.155984806031777
0.1896551724137931,13.600430237014434
0.19181034482758622,42.40979061546948
0.1939655172413793,-7.680818319757646
0.1961206896551724,4.610314972659605
0.19827586206896552,12.956161995789428
0.20043103448275862,-41.69787487070539
0.2025862068965517,-61.50996401314096
0.20474137931034483,-1.1932296161448228
0.20689655172413793,15.869736075751476
0.20905172413793102,16.37194148754547
0.21120689655172414,12.37845809866893
0.21336206896551724,-8.475339416036713
0.21551724137931033,16.794115426154775
0.21767241379310345,22.004398898172013
0.21982758620689655,29.194695553646504
0.22198275862068964,30.24061105770333
0.22413793103448276,29.475960802027014
0.22629310344827586,-23.706374648737878
0.22844827586206895,33.433834775656514
0.23060344827586207,-50.83230622552702
0.23275862068965517,50.310591528584965
0.23491379310344826,33.53802811663553
0.23706896551724138,11.050742986993612
0.23922413793103448,6.727487004504962
0.24137931034482757,-6.638325152422249
0.2435344827586207,39.30959405968662
0.24568965517241378,38.26399699964011
0.2478448275862069,-5.518735872313954
0.25,58.66660000000002
0.2521551724137931,-5.981838782155521
0.2543103448275862,36.09592004678646
0.2564655172413793,18.11975702186544
0.25862068965517243,-22.372091612645654
0.2607758620689655,43.26468608023647
0.2629310344827586,-22.984281314259306
0.2650862068965517,-11.259447162859548
0.2672413793103448,26.564202571100356
0.2693965517241379,24.938926532260183
0.27155172413793105,40.89316490338664
0.27370689655172414,-15.48790148403743
0.27586206896551724,30.55888567110866
0.27801724137931033,6.013915694430008
0.2801724137931034,24.411738967914268
0.2823275862068966,-6.78521690471789
0.28448275862068967,-0.9125153178314225
0.28663793103448276,2.9994386000319277
0.28879310344827586,0.5297320356757531
0.29094827586206895,-14.58957569192305
0.29310344827586204,0.38828358655451467
0.2952586206896552,-0.5939775085663932
0.2974137931034483,18.04944328701616
0.2995689655172414,-73.64554387583344
0.3017241379310345,0.1560630740214588
0.30387931034482757,-51.98628859143166
0.30603448275862066,-0.07056173724010062
0.3081896551724138,51.02406410372121
0.3103448275862069,33.25702071139344
0.3125,5.28645017204931
0.3146551724137931,-9.911815077784786
0.3168103448275862,11.693664740890377
0.3189655172413793,34.50866927017242
0.32112068965517243,-22.42693387828068
0.3232758620689655,24.969272167341312
0.3254310344827586,-11.879224504543346
0.3275862068965517,-12.974901904872127
0.3297413793103448,-20.81813166674381
0.3318965517241379,-18.72563866070692
0.33405172413793105,-31.767903498735514
0.33620689655172414,-20.99465220123948
0.33836206896551724,-1.094808455627426
0.34051724137931033,30.337295425355006
0.3426724137931034,-24.170580693652123
0.3448275862068966,-32.37075491809124
0.34698275862068967,-1.6416747681858697
0.34913793103448276,2.1305083734613053
0.35129310344827586,46.05300964918119
0.35344827586206895,12.12192145651851
0.35560344827586204,36.65095721665009
0.3577586206896552,49.17630993304982
0.3599137931034483,54.29861926682683
0.3620689655172414,-9.223570365784155
0.3642241379310345,83.04431293733036
0.36637931034482757,32.99508900595488
0.36853448275862066,25.975593739712508
0.3706896551724138,0.028963607613555098
0.3728448275862069,16.658310319661666
0.375,-13.075280048720716
0.3771551724137931,8.623285081626015
0.3793103448275862,37.74878383116923
0.3814655172413793,-9.466395994864795
0.38362068965517243,-54.80979451052267
0.3857758620689655,-21.473160178796654
0.3879310344827586,-14.773519817161885
0.3900862068965517,-38.53655242356168
0.3922413793103448,6.37474281899331
0.3943965517241379,-84.38913763756776
0.39655172413793105,-6.095787778380508
0.39870689655172414,-4.739898801804237
0.40086206896551724,3.4553163594841108
0.40301724137931033,13.090978708083899
0.4051724137931034,30.586033609580063
0.4073275862068965,-37.01594449182659
0.40948275862068967,4.483713467288366
0.41163793103448276,-18.109017813819
0.41379310344827586,15.465800358140912
0.41594827586206895,38.87509675551736
0.41810344827586204,-24.21905288597823
0.4202586206896552,25.38257864891604
0.4224137931034483,26.71288768881639
0.4245689655172414,15.57001647828421
0.4267241379310345,30.10743159900245
0.42887931034482757,0.8005260406947734
0.43103448275862066,17.314367492091105
0.4331896551724138,-73.39168292453962
0.4353448275862069,12.128845961100998
0.4375,-20.900773284387462
0.4396551724137931,23.072080130039552
0.4418103448275862,-6.76729673147349
0.4439655172413793,23.680309482212255
0.44612068965517243,-31.047010717272624
0.4482758620689655,22.51626844788042
0.4504310344827586,-32.40489879634704
0.4525862068965517,27.78752321917221
0.4547413793103448,-4.78341293643804
0.4568965517241379,0.16309128988190125
0.45905172413793105,-4.101920921906519
0.46120689655172414,15.610693493861817
0.46336206896551724,-5.785978623988921
0.46551724137931033,-16.30849489751631
0.4676724137931034,-6.788943656163194
0.4698275862068965,-22.706897394026363
0.47198275862068967,-16.04396830219069
0.47413793103448276,-23.06074934591267
0.47629310344827586,-24.950004974530373
0.47844827586206895,13.836151350851036
0.48060344827586204,-21.019008076353924
0.48275862068965514,-2.3256265633085853
0.4849137931034483,2.7295766171870044
0.4870689655172414,-47.11245880424163
0.4892241379310345,5.084262532052385
0.49137931034482757,-37.329864178744
0.49353448275862066,53.63193204110144
0.4956896551724138,-35.95697734683888
0.4978448275862069,14.691970633049337
0.0,234.0093
0.0021008403361344537,191.85509456049164
0.004201680672268907,145.64566598619697
0.0063025210084033615,117.93230725201019
0.008403361344537815,72.53003036349817
0.010504201680672268,14.976492998214098
0.012605042016806723,-10.291008821843729
0.014705882352941176,-14.48924300926506
0.01680672268907563,-26.758993972045158
0.018907563025210083,-26.057916334906515
0.021008403361344536,-6.9453986636043545
0.02310924369747899,0.5603790511797406
0.025210084033613446,-10.395688231688045
0.0273109243697479,-4.08307690315743
0.029411764705882353,9.087301420747691
0.031512605042016806,3.297686776694613
0.03361344537815126,4.417910729773721
0.03571428571428571,27.63317997475902
0.037815126050420166,35.061649702189996
0.03991596638655462,26.194997607155017
0.04201680672268907,32.4446830562232
0.044117647058823525,39.49672048566561
0.04621848739495798,22.51560942684121
0.04831932773109243,4.400818348365437
0.05042016806722689,7.642169012594039
0.052521008403361345,3.936629160255861
0.0546218487394958,-10.801296381997068
0.05672268907563025,-5.1399685721721955
0.058823529411764705,7.83675282166104
0.06092436974789916,-11.227700793503047
0.06302521008403361,-16.929016722725223
0.06512605042016806,-3.7981651749104466
0.06722689075630252,-0.3278621990171633
0.06932773109243698,-9.373628985935564
0.07142857142857142,2.042663260831598
0.07352941176470588,22.917339967407813
0.07563025210084033,21.384316571898484
0.07773109243697479,16.414522278881364
0.07983193277310924,28.716267088276428
0.0819327731092437,38.02094369004873
0.08403361344537814,15.325051220829033
0.0861344537815126,6.257956942312589
0.08823529411764705,13.221480563586308
0.09033613445378151,4.053765701417941
0.09243697478991596,-4.103242604599213
0.09453781512605042,7.119738316345537
0.09663865546218486,10.535489230588684
0.09873949579831932,-0.12118940277412449
0.10084033613445378,4.031730485965051
0.10294117647058823,9.178105238293492
0.10504201680672269,-3.0470905299016717
0.10714285714285714,-13.348373416271892
0.1092436974789916,0.6123388168587045
0.11134453781512604,10.170701686063744
0.1134453781512605,5.941803483035314
0.11554621848739495,20.733242114751683
0.11764705882352941,47.79674454783459
0.11974789915966386,41.331153035220076
0.12184873949579832,27.093206758583957
0.12394957983193276,31.46712577564205
0.12605042016806722,29.026584212736495
0.12815126050420167,5.992710724465285
0.13025210084033612,-4.928454137436041
0.1323529411764706,-1.416581244942149
0.13445378151260504,-10.796713459213196
0.13655462184873948,-18.003917058477064
0.13865546218487396,-1.4855314252584924
0.1407563025210084,11.518011133694877
0.14285714285714285,-9.536468994118787
0.1449579831932773,-10.75290101003581
0.14705882352941177,2.664239567823193
0.14915966386554622,-1.8348361491173897
0.15126050420168066,-7.318558865731434
0.1533613445378151,8.09974112342454
0.15546218487394958,19.264500179068058
0.15756302521008403,16.289629743931002
0.15966386554621848,30.46508645064381
0.16176470588235292,37.170255515067225
0.1638655462184874,28.777326397654864
0.16596638655462184,13.833204813440343
0.1680672268907563,12.761940651161098
0.17016806722689076,7.487297532323447
0.1722689075630252,-6.578918551121614
0.17436974789915966,-4.196947412621235
0.1764705882352941,4.906688659227548
0.17857142857142858,-2.8695297195042686
0.18067226890756302,1.9221247926091234
0.18277310924369747,22.644301579927212
0.18487394957983191,29.618314945151937
0.1869747899159664,21.639487173497812
0.18907563025210083,26.215504385668506
0.19117647058823528,40.194585845755284
0.19327731092436973,36.31085391451575
0.1953781512605042,27.531610790770056
0.19747899159663865,35.032658486650156
0.1995798319327731,39.23187774943785
0.20168067226890757,15.363775444628736
0.20378151260504201,1.3309182457253552
0.20588235294117646,-1.2912681925448926
0.2079831932773109,-15.954587657729988
0.21008403361344538,-31.798248760336627
0.21218487394957983,-28.880487908475583
0.21428571428571427,-25.782913329433132
0.21638655462184872,-28.249778421139062
0.2184873949579832,-13.154347282029564
0.22058823529411764,2.1878582991471385
0.2226890756302521,11.69020389024693
0.22478991596638653,9.512451369224292
0.226890756302521,20.953275030761187
0.22899159663865545,26.74253537940811
0.2310924369747899,14.347736642119838
0.23319327731092435,8.937156403261874
0.23529411764705882,13.193244901234081
0.23739495798319327,6.150431572251542
0.2394957983193277,-2.3677207645031926
0.2415966386554622,7.401295425649469
0.24369747899159663,11.556564325459764
0.24579831932773108,3.8864447807261833
0.24789915966386553,4.2750017388588795
0.25,12.491400000000006
0.25210084033613445,6.615129613172652
0.2542016806722689,0.16095627239765165
0.25630252100840334,12.633319606643152
0.2584033613445378,19.405928109966066
0.26050420168067223,2.4292274311433077
0.26260504201680673,4.57740974098481
0.2647058823529412,21.720066052567603
0.2668067226890756,22.253707683176515
0.2689075630252101,15.903397624698062
0.2710084033613445,22.565544383068925
0.27310924369747897,26.266000574234905
0.2752100840336134,17.085103566996573
0.2773109243697479,15.074148205790198
0.27941176470588236,17.770240971882625
0.2815126050420168,12.298065047374314
0.28361344537815125,-1.7395578987029499
0.2857142857142857,0.9309075135779032
0.28781512605042014,3.202419017528687
0.2899159663865546,-4.6652495594088155
0.29201680672268904,-0.5486001631222024
0.29411764705882354,10.676629183362207
0.296218487394958,4.408994710695751
0.29831932773109243,0.7848393498465152
0.3004201680672269,23.516564710985342
0.3025210084033613,21.65885859526021
0.30462184873949577,5.512696889605802
0.3067226890756302,2.2101608868665394
0.3088235294117647,11.23396606945607
0.31092436974789917,7.999113713201378
0.3130252100840336,2.6928377860712587
0.31512605042016806,11.798119732422748
0.3172268907563025,16.462321632258263
0.31932773109243695,11.690924032723984
0.3214285714285714,17.885249350167694
0.32352941176470584,26.944035816027736
0.32563025210084034,20.070336125190266
0.3277310924369748,8.152162803850423
0.32983193277310924,7.317387260253783
0.3319327731092437,4.192748475052706
0.33403361344537813,-9.964964487280866
0.3361344537815126,-13.060988647800297
0.338235294117647,-2.707822845866314
0.3403361344537815,4.882813295936783
0.34243697478991597,3.056785872250714
0.3445378151260504,14.670040456810417
0.34663865546218486,29.04629361609125
0.3487394957983193,27.558870491243397
0.35084033613445376,24.23805719575775
0.3529411764705882,22.692795977807094
0.35504201680672265,11.32086869395685
0.35714285714285715,0.5997500686015496
0.3592436974789916,0.7732612666498939
0.36134453781512604,-11.766147538528461
0.3634453781512605,-19.96594169131111
0.36554621848739494,-18.805286284087245
0.3676470588235294,-8.281400035362873
0.36974789915966383,-7.731484041825971
0.37184873949579833,-10.574061292456323
0.3739495798319328,-2.097224402102775
0.3760504201680672,3.6528875944756685
0.37815126050420167,-5.305033685925483
0.3802521008403361,-10.024225862722083
0.38235294117647056,5.192083956890944
0.384453781512605,8.180201397076763
0.38655462184873945,1.5332835709128192
0.38865546218487396,5.964297895808815
0.3907563025210084,10.556542051115976
0.39285714285714285,3.4669887597870552
0.3949579831932773,-0.584509072080653
0.39705882352941174,0.48734082422797265
0.3991596638655462,-8.025091826338533
0.40126050420168063,-22.66906424261191
0.40336134453781514,-20.424551377552294
0.4054621848739496,-15.508347504003645
0.40756302521008403,-20.313659062511956
0.4096638655462185,-17.694625222168696
0.4117647058823529,-6.905030113963037
0.41386554621848737,-4.028809350025703
0.4159663865546218,-4.166919780605559
0.41806722689075626,6.799045212351196
0.42016806722689076,9.354516059525817
0.4222689075630252,6.829841599334645
0.42436974789915966,3.228637607940417
0.4264705882352941,8.522769778523845
0.42857142857142855,7.479961480540868
0.430672268907563,1.7680400966588392
0.43277310924369744,2.151072565320499
0.4348739495798319,-0.1954392582021014
0.4369747899159664,-7.037647977319084
0.43907563025210083,0.28293810169977807
0.4411764705882353,18.449510814901398
0.4432773109243697,14.237642164799576
0.4453781512605042,9.549405031275809
0.4474789915966386,17.120728412937254
0.44957983193277307,22.253092242103943
0.45168067226890757,16.08857679094299
0.453781512605042,10.947547095087138
0.45588235294117646,9.834493653570242
0.4579831932773109,4.152982058455851
0.46008403361344535,-0.22387747203240416
0.4621848739495798,-4.627431463891487
0.46428571428571425,-6.5524149489376065
0.4663865546218487,-12.308384330501351
0.4684873949579832,-16.79039852756938
0.47058823529411764,-20.509075977163498
0.4726890756302521,-25.72690539945511
0.47478991596638653,-24.633913685250125
0.476890756302521,-17.42402031702616
0.4789915966386554,-18.108167465929874
0.48109243697478987,-9.391933352697983
0.4831932773109244,0.8156340262143011
0.4852941176470588,12.416170486439075
0.48739495798319327,14.63767591539932
0.4894957983193277,12.776028863577295
0.49159663865546216,12.377768729836816
0.4936974789915966,6.441031733069664
0.49579831932773105,-2.0964887360366617
0.4978991596638655,-4.0757214064840355
0.0,746.1322
0.0020161290322580645,176.75502478122527
0.004032258064516129,149.3339597346688
0.006048387096774193,26.62343109667161
0.008064516129032258,80.42889922241702
0.010080645161290322,4.43876214241353
0.012096774193548387,65.312722305596
0.014112903225806451,12.25195722080656
0.016129032258064516,-8.557690946438255
0.01814516129032258,26.724241672500668
0.020161290322580645,40.87727826905127
0.02217741935483871,27.760181520602053
0.024193548387096774,17.661391007284998
0.026209677419354836,-13.802727589678671
0.028225806451612902,71.66942082542005
0.03024193548387097,25.40573460441964
0.03225806451612903,9.886944887680936
0.034274193548387094,-3.8242178544241874
0.03629032258064516,-8.617999289026116
0.038306451612903226,-30.8090701594722
0.04032258064516129,39.89020907487869
0.04233870967741935,24.579399699073083
0.04435483870967742,3.992626379219246
0.046370967741935484,-22.959640342766583
0.04838709677419355,28.925134444278534
0.05040322580645161,8.874599104228267
0.05241935483870967,33.86578703421752
0.05443548387096774,7.511465223474081
0.056451612903225805,-27.617022309809713
0.05846774193548387,-40.98010302306148
0.06048387096774194,-37.45164645988054
0.0625,8.957024910938134
0.06451612903225806,-6.2298175776721765
0.06653225806451613,-28.27965587665012
0.06854838709677419,-6.371134619800875
0.07056451612903225,-26.194847495867002
0.07258064516129031,-5.043617770756441
0.07459677419354839,18.73181219217854
0.07661290322580645,-5.310626455016283
0.07862903225806452,-5.26547735397478
0.08064516129032258,12.053756662720021
0.08266129032258064,4.578191596071058
0.0846774193548387,-21.12458246455697
0.08669354838709677,66.0921222351878
0.08870967741935484,-15.745810154397544
0.0907258064516129,-40.28522629209792
0.09274193548387097,-0.7315386512920199
0.09475806451612903,-48.42392643126143
0.0967741935483871,-29.243404270068474
0.09879032258064516,-7.326023796196099
0.10080645161290322,27.883961942863284
0.10282258064516128,-7.227404081446041
0.10483870967741934,41.40858688686456
0.10685483870967742,16.951277066936022
0.10887096774193548,16.26100220735649
0.11088709677419355,1.8892620543522582
0.11290322580645161,-5.653806805140842
0.11491935483870967,8.988866415408811
0.11693548387096774,31.11928813755221
0.1189516129032258,14.985403580276106
0.12096774193548387,39.40960997964629
0.12298387096774194,28.32411363476091
0.125,41.82615963324539
0.12701612903225806,70.32226703275462
0.12903225806451613,51.60277120365052
0.1310483870967742,70.15365248669514
0.13306451612903225,-9.699482576717761
0.1350806451612903,0.8854385014029127
0.13709677419354838,-34.58897037400717
0.13911290322580644,18.199065814099882
0.1411290322580645,-11.559465837074852
0.14314516129032256,-12.927382857270882
0.14516129032258063,-2.7827931551527527
0.14717741935483872,-4.220856679938235
0.14919354838709678,52.9927665406091
0.15120967741935484,21.99429069377579
0.1532258064516129,-9.231984306880666
0.15524193548387097,35.85206264793776
0.15725806451612903,17.92067369738851
0.1592741935483871,57.90034940797282
0.16129032258064516,-3.256371770714356
0.16330645161290322,7.8518939047624166
0.16532258064516128,-51.516113194380736
0.16733870967741934,9.223533693127727
0.1693548387096774,-32.373525502284124
0.17137096774193547,9.545029189595537
0.17338709677419353,19.432622389021756
0.1754032258064516,11.56778713960048
0.1774193548387097,31.2910704366563
0.17943548387096775,50.5584744904496
0.1814516129032258,5.001416890141035
0.18346774193548387,-4.922972133859009
0.18548387096774194,-4.013747940079567
0.1875,18.02367931703609
0.18951612903225806,0.13919136880531813
0.19153225806451613,38.11514599712398
0.1935483870967742,23.957025610046305
0.19556451612903225,-9.361385153865337
0.1975806451612903,-52.73183941535072
0.19959677419354838,19.70335141333726
0.20161290322580644,24.37393635678819
0.2036290322580645,21.907710459646175
0.20564516129032256,-5.646434318599148
0.20766129032258063,35.31441015998371
0.2096774193548387,-33.45871480220807
0.21169354838709678,-22.643247940223333
0.21370967741935484,-1.2310794251072323
0.2157258064516129,-17.36378219581082
0.21774193548387097,19.380670190897174
0.21975806451612903,-50.4805510582386
0.2217741935483871,11.358318296728758
0.22379032258064516,-14.791886422810776
0.22580645161290322,14.459592691200138
0.22782258064516128,-30.47167279079829
0.22983870967741934,39.72146051505395
0.2318548387096774,18.479728392343638
0.23387096774193547,-0.8489246771037813
0.23588709677419353,-0.8819757430964223
0.2379032258064516,-8.57153406824391
0.23991935483870966,-20.991892801620324
0.24193548387096775,32.68813747944772
0.2439516129032258,-17.22136157594426
0.24596774193548387,11.899972704289038
0.24798387096774194,-18.292691350097147
0.25,26.41289999999998
0.25201612903225806,-20.042440615798096
0.2540322580645161,26.522123660625585
0.2560483870967742,34.14334879551164
0.25806451612903225,29.172434615543345
0.2600806451612903,58.02211775833514
0.2620967741935484,35.0374843985514
0.26411290322580644,47.542265358963064
0.2661290322580645,48.649143592387524
0.26814516129032256,0.10311847205089464
0.2701612903225806,22.422523055877992
0.2721774193548387,-9.94468376855409
0.27419354838709675,27.562114509401034
0.2762096774193548,-38.69221358551002
0.2782258064516129,20.62013971048449
0.28024193548387094,13.522951050492448
0.282258064516129,-1.4289692909771397
0.28427419354838707,-3.912619043376778
0.28629032258064513,0.7716442176321117
0.2883064516129032,-45.545569309301854
0.29032258064516125,-30.530854704624872
0.2923387096774194,-32.81928277947691
0.29435483870967744,26.263502625717837
0.2963709677419355,-28.002132711119124
0.29838709677419356,17.809472906260726
0.3004032258064516,5.167393112654465
0.3024193548387097,24.528431323540985
0.30443548387096775,26.624381777539234
0.3064516129032258,17.556456451505664
0.3084677419354839,24.90186902598444
0.31048387096774194,9.992761829889055
0.3125,7.929661381962339
0.31451612903225806,2.484212778068592
0.3165322580645161,15.782001557755958
0.3185483870967742,25.373029870798966
0.32056451612903225,-27.144779794324887
0.3225806451612903,26.2136038312107
0.3245967741935484,-25.219326799941005
0.32661290322580644,-0.8223433462851979
0.3286290322580645,-28.85498307095105
0.33064516129032256,16.180245995304748
0.3326612903225806,0.9925867848957921
0.3346774193548387,58.42581604784084
0.33669354838709675,-28.95312865162494
0.3387096774193548,9.995430365682566
0.3407258064516129,-31.503505607606478
0.34274193548387094,-2.574615693467514
0.344758064516129,-33.95490185011509
0.34677419354838707,15.962572532055209
0.34879032258064513,-3.7708352584285034
0.3508064516129032,-13.564992233226523
0.35282258064516125,-19.178622322912993
0.3548387096774194,-16.035655388430705
0.35685483870967744,-42.86783839780779
0.3588709677419355,-5.508674028298499
0.36088709677419356,-18.477390437413064
0.3629032258064516,0.25354133866305517
0.3649193548387097,-33.86629659449126
0.36693548387096775,-17.909435878845763
0.3689516129032258,-56.439856156313255
0.3709677419354839,-39.051336294368994
0.37298387096774194,-30.381261477171595
0.375,4.878840366754623
0.37701612903225806,-17.612188483100066
0.3790322580645161,7.488440109676516
0.3810483870967742,74.10250758632199
0.38306451612903225,71.98815280679543
0.3850806451612903,-18.428531569924083
0.3870967741935484,41.74800668957447
0.38911290322580644,3.2784616114759046
0.3911290322580645,53.26257711144313
0.39314516129032256,-40.42981124161953
0.3951612903225806,37.02379564039166
0.3971774193548387,7.1871396942831804
0.39919354838709675,-54.552012858716594
0.4012096774193548,-7.309900051482794
0.4032258064516129,-64.11860373376851
0.40524193548387094,-37.28809305342225
0.407258064516129,-69.9650483202368
0.40927419354838707,75.4086077561907
0.41129032258064513,41.38120602739957
0.4133064516129032,22.507149079919618
0.41532258064516125,-8.347677635777227
0.4173387096774193,73.14711377793702
0.4193548387096774,16.812259686180703
0.4213709677419355,-2.317218674040763
0.42338709677419356,42.36992843000854
0.4254032258064516,11.47300202507137
0.4274193548387097,-9.305962326919701
0.42943548387096775,-10.016804967741537
0.4314516129032258,-3.1185295064358507
0.4334677419354839,-1.383813926738437
0.43548387096774194,18.17077860378827
0.4375,-17.585165609936514
0.43951612903225806,-13.631489736881798
0.4415322580645161,8.978189295083851
0.4435483870967742,0.03895082197471744
0.44556451612903225,-15.811581105500439
0.4475806451612903,-6.600670907151834
0.4495967741935484,-17.919214747998062
0.45161290322580644,20.05457108751029
0.4536290322580645,3.6967034279537074
0.45564516129032256,24.39578238532
0.4576612903225806,30.238439872271446
0.4596774193548387,16.30894099381328
0.46169354838709675,0.8666483781518277
0.4637096774193548,-4.390745984791672
0.4657258064516129,-0.6988790279744794
0.46774193548387094,-29.788083216402665
0.469758064516129,-14.00597512986263
0.47177419354838707,-26.047597241469106
0.47379032258064513,-28.493140430093003
0.4758064516129032,3.9501742510528235
0.47782258064516125,27.998853526896518
0.4798387096774193,6.313905463656745
0.4818548387096774,12.424056462230814
0.4838709677419355,11.784743408913199
0.48588709677419356,-20.90972903193461
0.4879032258064516,18.521403372048162
0.4899193548387097,41.26112862928236
0.49193548387096775,14.294234947390514
0.4939516129032258,49.36450851878398
0.4959677419354839,49.29263459841806
0.49798387096774194,56.85674807290846
0.0,315.34740000000005
0.002004008016032064,237.80695745849084
0.004008016032064128,97.76576074180107
0.0060120240480961915,0.362753051177668
0.008016032064128256,-11.283333915961526
0.01002004008016032,25.699903328979964
0.012024048096192383,36.77978830882733
0.014028056112224447,7.565004945397597
0.01603206412825651,-19.675537803101253
0.018036072144288574,-23.84364505253169
0.02004008016032064,-8.189787593764482
0.022044088176352703,10.838685989313774
0.024048096192384766,7.232342798501072
0.026052104208416832,-1.7276733137395546
0.028056112224448895,-14.243750055220382
0.03006012024048096,-22.694787113165226
0.03206412825651302,-12.821431193091524
0.03406813627254509,6.99538398593068
0.03607214428857715,16.235105980095312
0.038076152304609215,9.148476970943916
0.04008016032064128,-7.85349895304727
0.04208416833667334,-12.461847340043423
0.044088176352705406,1.7607123009027486
0.04609218436873747,6.342820697333083
0.04809619238476953,-1.0824564289438872
0.0501002004008016,-16.40986525711561
0.052104208416833664,-23.613967239761337
0.05410821643286573,-19.678390632467767
0.05611222444889779,-14.599295912141041
0.058116232464929855,-8.309775038658195
0.06012024048096192,5.8521588722627005
0.06212424849699398,23.191722223007677
0.06412825651302605,28.020147966227405
0.06613226452905811,15.08478265311966
0.06813627254509018,-6.449908640392417
0.07014028056112225,-2.733335403171679
0.0721442885771543,17.8489624954733
0.07414829659318636,27.54806763768928
0.07615230460921843,14.886013560307791
0.0781563126252505,-5.12869277743203
0.08016032064128256,-6.959800809706431
0.08216432865731463,4.842122298391613
0.08416833667334668,16.43369608583638
0.08617234468937875,19.77287343672405
0.08817635270541081,15.157426048930756
0.09018036072144288,-0.8630193176175389
0.09218436873747494,-19.930026690413015
0.09418837675350701,-40.946335210236754
0.09619238476953906,-39.244256806127716
0.09819639278557113,-12.787644542960383
0.1002004008016032,9.119182923391126
0.10220440881763526,10.118094495395422
0.10420841683366733,-12.946304070803459
0.1062124248496994,-27.858159777197073
0.10821643286573146,-13.46899659045557
0.11022044088176351,7.7968672521901405
0.11222444889779558,10.379500720992954
0.11422845691382764,-0.4280220579815312
0.11623246492985971,-19.886576287765145
0.11823647294589178,-24.309577569126315
0.12024048096192384,-20.55020934865601
0.1222444889779559,-18.48153595064695
0.12424849699398796,-5.248020545992176
0.12625250501002003,7.303070310981662
0.1282565130260521,14.189541214726727
0.13026052104208416,13.35621725116922
0.13226452905811623,7.841282618956306
0.1342685370741483,8.273144039573738
0.13627254509018036,23.27987185634088
0.13827655310621242,26.604593564107226
0.1402805611222445,21.17162642191017
0.14228456913827653,15.18806268426847
0.1442885771543086,14.867022895696675
0.14629258517034066,18.35773407720113
0.14829659318637273,9.818642588396116
0.1503006012024048,-0.8548142937478715
0.15230460921843686,1.9466194954166212
0.15430861723446893,15.428922539347871
0.156312625250501,21.875996931444252
0.15831663326653306,14.968912813021138
0.16032064128256512,-5.321375522368337
0.1623246492985972,-18.139423130730297
0.16432865731462926,-23.293382412231775
0.16633266533066132,-31.171955412391732
0.16833667334669336,-34.71904830778896
0.17034068136272543,-26.114282491852826
0.1723446893787575,-6.151876196840753
0.17434869739478956,11.307444758103482
0.17635270541082163,10.977755263312961
0.1783567134268537,0.4087700709994935
0.18036072144288576,-0.9191215139304578
0.18236472945891782,4.129486985781374
0.1843687374749499,12.858381280306096
0.18637274549098196,14.755941025094751
0.18837675350701402,13.174009308210433
0.1903807615230461,19.753486457296138
0.19238476953907813,23.440845228360384
0.1943887775551102,20.827275459257287
0.19639278557114226,19.367873620053153
0.19839679358717432,25.850917654827764
0.2004008016032064,35.98708337781754
0.20240480961923846,35.91884711197473
0.20440881763527052,21.377248449866578
0.2064128256513026,16.109989181013145
0.20841683366733466,24.45553402295084
0.21042084168336672,32.69860473654748
0.2124248496993988,24.873000867307187
0.21442885771543085,-3.417004681280419
0.21643286573146292,-14.977180071781142
0.21843687374749496,-3.2703513625499667
0.22044088176352702,11.05016261382956
0.2224448897795591,12.94149446512374
0.22444889779559116,2.9582787193457376
0.22645290581162322,-6.773476525578015
0.2284569138276553,1.0032258638320095
0.23046092184368736,4.126399130201926
0.23246492985971942,-8.043374284707944
0.2344689378757515,-25.84227166335734
0.23647294589178355,-44.151391378297006
0.23847695390781562,-49.89433995533657
0.24048096192384769,-47.80153012029611
0.24248496993987975,-40.014114525128825
0.2444889779559118,-23.579635439190866
0.24649298597194386,-9.081558262642737
0.24849699398797592,-10.784997838292322
0.250501002004008,-14.41214287874266
0.25250501002004005,-14.289907644871887
0.2545090180360721,-6.2518919109717395
0.2565130260521042,6.176003628302517
0.25851703406813625,6.044854571261631
0.2605210420841683,-4.402387122765861
0.2625250501002004,-9.581463589599515
0.26452905811623245,-5.986765398539884
0.2665330661322645,0.9125335621087558
0.2685370741482966,7.0411624572215805
0.27054108216432865,6.883828733027721
0.2725450901803607,12.009203149607949
0.2745490981963928,10.263657468444112
0.27655310621242485,-3.815699630040429
0.2785571142284569,-14.077984008432443
0.280561122244489,-9.808706245590502
0.282565130260521,10.196832818431076
0.28456913827655306,28.88211722387523
0.2865731462925851,30.766923120836395
0.2885771543086172,23.711082848627665
0.29058116232464926,15.671842975583344
0.2925851703406813,-0.4511378177581342
0.2945891783567134,-19.098155838383185
0.29659318637274545,-34.24262744021298
0.2985971943887775,-32.989649234683036
0.3006012024048096,-14.139544537692615
0.30260521042084165,-0.012524023307761145
0.3046092184368737,-0.09242385739565684
0.3066132264529058,-3.6513379248969375
0.30861723446893785,4.090316807148507
0.3106212424849699,15.366839468412254
0.312625250501002,7.337692848674259
0.31462925851703405,-18.757260354914987
0.3166332665330661,-33.25836568339599
0.3186372745490982,-20.899717864960195
0.32064128256513025,7.509780135304229
0.3226452905811623,25.169971253047933
0.3246492985971944,23.809132177293158
0.32665330661322645,16.723603916895208
0.3286573146292585,12.113435506824153
0.3306613226452906,13.830728270693374
0.33266533066132264,9.466628075196866
0.33466933867735466,-2.542256239011517
0.3366733466933867,-9.75036959827534
0.3386773547094188,-10.978200659694298
0.34068136272545085,-14.746461914507186
0.3426853707414829,-16.781487554717437
0.344689378757515,-15.898996274294088
0.34669338677354705,-10.597410602998366
0.3486973947895791,-1.2134950168541
0.3507014028056112,-2.1441424440169063
0.35270541082164325,2.1632696242758556
0.3547094188376753,16.014698676345365
0.3567134268537074,25.380520551935223
0.35871743486973945,22.256478221559508
0.3607214428857715,12.152988067455233
0.3627254509018036,-0.9785787509061299
0.36472945891783565,-5.25773657378428
0.3667334669338677,-8.109748252312215
0.3687374749498998,-15.506924924463258
0.37074148296593185,-14.454426332246035
0.3727454909819639,-9.080396212754506
0.374749498997996,-3.3728518372338225
0.37675350701402804,-4.271439703318029
0.3787575150300601,-15.256319701452316
0.3807615230460922,-14.809619013203243
0.38276553106212424,7.969438213616058
0.38476953907815625,22.38504281275419
0.3867735470941883,22.605273937005386
0.3887775551102204,12.819953319588056
0.39078156312625245,7.013544958844805
0.3927855711422845,14.450177853400529
0.3947895791583166,15.486912100101637
0.39679358717434865,9.410637645821833
0.3987975951903807,10.935211673031175
0.4008016032064128,20.35606429678821
0.40280561122244485,31.756873518652107
0.4048096192384769,32.066097492819296
0.406813627254509,14.510772674017986
0.40881763527054105,14.032142783375166
0.4108216432865731,34.81016100418531
0.4128256513026052,52.017434914961385
0.41482965931863724,48.020490593854376
0.4168336673346693,19.509870501118908
0.4188376753507014,-4.308796731191332
0.42084168336673344,-5.428569547046552
0.4228456913827655,-0.40985256626717614
0.4248496993987976,-2.249491848353161
0.42685370741482964,-10.373344878296315
0.4288577154308617,-19.99077137047987
0.4308617234468938,-21.52715105616799
0.43286573146292584,-18.17515347760587
0.4348697394789579,-13.012704872831522
0.4368737474949899,-5.693226948319891
0.438877755511022,-3.1997282739121706
0.44088176352705405,-5.043421877504567
0.4428857715430861,-4.270888611189128
0.4448897795591182,1.3539866269012304
0.44689378757515025,7.543473644444126
0.4488977955911823,2.054767247054574
0.4509018036072144,-17.512260111196888
0.45290581162324645,-31.924899125799058
0.4549098196392785,-25.866384753180895
0.4569138276553106,-4.153536390935553
0.45891783567134264,11.879018682323498
0.4609218436873747,11.570105568396768
0.4629258517034068,13.43709645497399
0.46492985971943884,19.588682004380424
0.4669338677354709,19.127771944213475
0.468937875751503,3.705417083862301
0.47094188376753504,-20.559079555926168
0.4729458917835671,-31.934282523770733
0.4749498997995992,-15.903757831729184
0.47695390781563124,2.7163551161903454
0.4789579158316633,5.484727032073132
0.48096192384769537,-0.9664529335365075
0.48296593186372744,-6.118219651189676
0.4849699398797595,1.8918663952832215
0.48697394789579157,2.4189000105367966
0.4889779559118236,-13.84892842064521
0.49098196392785565,-27.630340059828843
0.4929859719438877,-26.84014711011749
0.4949899799599198,-12.353294621706617
0.49699398797595185,7.259507129029384
0.4989979959919839,13.667176818090383
0.0,422.3358999999999
0.0019569471624266144,232.41698381740764
0.003913894324853229,28.871842451394375
0.005870841487279843,-30.032893562929196
0.007827788649706457,26.210215939817406
0.009784735812133072,-1.6691012162609011
0.011741682974559686,-46.90854146891697
0.0136986301369863,-24.333660766062387
0.015655577299412915,39.78246721923216
0.01761252446183953,37.31075897438214
0.019569471624266144,-38.0458775981276
0.021526418786692758,8.120639638144151
0.023483365949119372,28.444474915448858
0.025440313111545987,5.693384542967368
0.0273972602739726,-37.83992701047949
0.029354207436399216,10.089366200242633
0.03131115459882583,11.15823991484691
0.033268101761252444,13.578325720886838
0.03522504892367906,-26.428817515903873
0.03718199608610567,-9.50222570608635
0.03913894324853229,29.394815082132457
0.0410958904109589,14.915565493447941
0.043052837573385516,-11.651456522741302
0.04500978473581213,-2.1970908232001154
0.046966731898238745,21.891545998596104
0.04892367906066536,2.250717980415926
0.050880626223091974,44.834490646837686
0.05283757338551859,15.048120319820105
0.0547945205479452,11.167650094837224
0.05675146771037182,-6.810236324035137
0.05870841487279843,9.715828102745359
0.060665362035225046,9.3226966996266
0.06262230919765166,13.771605806988447
0.06457925636007827,-15.950525178975571
0.06653620352250489,-4.503286878456048
0.0684931506849315,27.003290034890583
0.07045009784735812,10.728610756945969
0.07240704500978473,36.087002239380496
0.07436399217221135,64.31731960776956
0.07632093933463796,50.302391840375634
0.07827788649706457,-11.522806662031508
0.08023483365949119,-5.9280423657113595
0.0821917808219178,-0.5202421122319834
0.08414872798434442,39.77416003668397
0.08610567514677103,-3.5203001402219423
0.08806262230919765,-34.48462487422483
0.09001956947162426,-27.042922414202742
0.09197651663405088,1.4734532400319864
0.09393346379647749,-34.06211831093372
0.0958904109589041,-41.08199764514178
0.09784735812133072,-18.108671531344974
0.09980430528375733,-14.796389858878113
0.10176125244618395,19.36993846185569
0.10371819960861056,5.108952301861109
0.10567514677103718,20.569329479428934
0.10763209393346379,27.40264080884857
0.1095890410958904,47.91463358836273
0.11154598825831702,32.35077225712397
0.11350293542074363,49.33162525980762
0.11545988258317025,11.372621677830995
0.11741682974559686,-0.7320746908456641
0.11937377690802348,16.91135822610624
0.12133072407045009,26.59665217490064
0.1232876712328767,10.50434236197037
0.12524461839530332,13.992899770781579
0.12720156555772993,14.041650888076969
0.12915851272015655,-7.611453276876596
0.13111545988258316,-0.16282145086971322
0.13307240704500978,-29.161889541035475
0.1350293542074364,2.6558630132767673
0.136986301369863,-2.3825416113371407
0.13894324853228962,3.3101497926072154
0.14090019569471623,5.4215545267955445
0.14285714285714285,58.76186825601202
0.14481409001956946,13.1630265640719
0.14677103718199608,-10.796474318067087
0.1487279843444227,-5.259931683928592
0.1506849315068493,6.782282704728366
0.15264187866927592,23.014750362422507
0.15459882583170254,-9.166656273464632
0.15655577299412915,-9.726079840794322
0.15851272015655576,-0.23428330078493786
0.16046966731898238,41.20978975416682
0.162426614481409,7.979560507052692
0.1643835616438356,15.061157506441688
0.16634050880626222,-24.351702667146927
0.16829745596868884,-40.46030162497029
0.17025440313111545,-31.760519991164106
0.17221135029354206,17.803419296992896
0.17416829745596868,15.806702134065096
0.1761252446183953,13.668391570190522
0.1780821917808219,18.68669411935085
0.18003913894324852,34.75403740165283
0.18199608610567514,69.82586719827458
0.18395303326810175,3.6093058799903854
0.18590998043052837,-18.64332346935285
0.18786692759295498,-7.578975593211094
0.1898238747553816,38.36848963377548
0.1917808219178082,2.1696846477521703
0.19373776908023482,19.978610277379506
0.19569471624266144,12.105052981244606
0.19765166340508805,16.440293989528357
0.19960861056751467,-18.422952968302965
0.20156555772994128,-62.944568243307266
0.2035225048923679,-43.135088945060104
0.2054794520547945,-9.776233088809088
0.20743639921722112,2.330354601849617
0.20939334637964774,-16.4982978014978
0.21135029354207435,17.849529736222834
0.21330724070450097,5.079823091519787
0.21526418786692758,23.095758095059836
0.2172211350293542,19.2965198562828
0.2191780821917808,23.127244412671956
0.22113502935420742,6.066537607864543
0.22309197651663404,19.76766240503027
0.22504892367906065,7.927758400323103
0.22700587084148727,33.92117874476745
0.22896281800391388,34.74326544606359
0.2309197651663405,3.483304639350833
0.2328767123287671,0.8987144246512973
0.23483365949119372,-4.446541871907899
0.23679060665362034,-3.080564142738633
0.23874755381604695,-9.54691898889258
0.24070450097847357,13.20044657811442
0.24266144814090018,-11.74621439504034
0.2446183953033268,13.023302007116172
0.2465753424657534,-6.143319077946252
0.24853228962818003,-4.832223894370333
0.25048923679060664,-14.149025596206233
0.25244618395303325,-20.916584065707763
0.25440313111545987,-18.534159679965498
0.2563600782778865,23.09009552013208
0.2583170254403131,31.232045436233097
0.2602739726027397,-3.4196338775954604
0.2622309197651663,11.006185233940062
0.26418786692759294,27.468343229438435
0.26614481409001955,38.83115829037683
0.26810176125244617,9.672993273790652
0.2700587084148728,-2.467800401758737
0.2720156555772994,-4.082333595876564
0.273972602739726,33.7133470932788
0.2759295499021526,-25.925666390318558
0.27788649706457924,-38.362232561017485
0.27984344422700586,-15.409008179471588
0.28180039138943247,20.955248517824288
0.2837573385518591,15.49468708615164
0.2857142857142857,1.2381234640472698
0.2876712328767123,-8.92278801111507
0.2896281800391389,1.6305173857262432
0.29158512720156554,20.979057151589462
0.29354207436399216,-31.327727471781152
0.29549902152641877,-30.633863593527334
0.2974559686888454,-23.700744363767253
0.299412915851272,21.576193357898056
0.3013698630136986,34.10156370438456
0.30332681017612523,53.906580365166256
0.30528375733855184,16.293474445131437
0.30724070450097846,18.576767875235685
0.30919765166340507,-1.7294600993237257
0.3111545988258317,-32.935697850450254
0.3131115459882583,-32.26125624563663
0.3150684931506849,-12.849725249389097
0.31702544031311153,-0.9747639519621085
0.31898238747553814,-6.873705708134369
0.32093933463796476,-0.5809977963254847
0.32289628180039137,-7.589919221673682
0.324853228962818,51.725154590344765
0.3268101761252446,12.630384167616686
0.3287671232876712,-0.4428889922288226
0.33072407045009783,-1.071492891035291
0.33268101761252444,40.35734886706317
0.33463796477495106,13.512263589234148
0.33659491193737767,-9.096727710528556
0.3385518590998043,-23.045070541538124
0.3405088062622309,-6.355466671400165
0.3424657534246575,25.197062116905144
0.34442270058708413,-23.55481695144578
0.34637964774951074,-27.74925372045045
0.34833659491193736,-21.73997192244372
0.350293542074364,6.410012951164751
0.3522504892367906,-13.368075311934142
0.3542074363992172,24.3779909567551
0.3561643835616438,21.536272447049
0.35812133072407043,33.34670430532308
0.36007827788649704,10.104258287202438
0.36203522504892366,-0.5737975744505928
0.3639921722113503,18.1136641710293
0.3659491193737769,32.372065115094344
0.3679060665362035,-0.2614212135241165
0.3698630136986301,-10.22585633001888
0.37181996086105673,42.74321308314809
0.37377690802348335,48.54288761607963
0.37573385518590996,71.1963114960041
0.3776908023483366,39.87653802137369
0.3796477495107632,36.18800633727194
0.3816046966731898,7.52697297248947
0.3835616438356164,5.519381321502776
0.38551859099804303,-15.706041887686213
0.38747553816046965,24.960038045824554
0.38943248532289626,37.82309139105021
0.3913894324853229,21.569448047168265
0.3933463796477495,20.997725979789706
0.3953033268101761,-2.674068521508854
0.3972602739726027,-11.232754772993875
0.39921722113502933,-2.1569719395762643
0.40117416829745595,29.69400976510275
0.40313111545988256,7.256474579370227
0.4050880626223092,20.07013126515699
0.4070450097847358,3.264070506393546
0.4090019569471624,24.355579505858692
0.410958904109589,26.972639961319693
0.41291585127201563,13.773129056422713
0.41487279843444225,-20.30115801311971
0.41682974559686886,-6.664744425196821
0.4187866927592955,-32.21310444848033
0.4207436399217221,-44.68288784971381
0.4227005870841487,-25.524171494091277
0.4246575342465753,-14.169959223596072
0.42661448140900193,30.973357613086513
0.42857142857142855,37.41970827994065
0.43052837573385516,37.07676914390654
0.4324853228962818,10.783334993341244
0.4344422700587084,47.53519402523655
0.436399217221135,29.049341785653443
0.4383561643835616,28.773095985378426
0.44031311154598823,-3.7042451791273283
0.44227005870841485,-12.682698474971145
0.44422700587084146,17.939556073913828
0.4461839530332681,53.22197741957772
0.4481409001956947,29.813983673596248
0.4500978473581213,14.986118444163312
0.4520547945205479,34.84408669548352
0.45401174168297453,17.83775768208563
0.45596868884540115,11.432524923003442
0.45792563600782776,-31.96822480807998
0.4598825831702544,-15.077479838035728
0.461839530332681,8.705312605298955
0.4637964774951076,20.141164780357656
0.4657534246575342,-43.98369591872006
0.46771037181996084,-24.353649088537257
0.46966731898238745,-23.059316638195824
0.47162426614481406,-12.634539281587868
0.4735812133072407,-12.720558582342077
0.4755381604696673,-13.2114474770102
0.4774951076320939,-2.017499404537997
0.4794520547945205,1.725517505582424
0.48140900195694714,23.22319615103694
0.48336594911937375,19.6931451377694
0.48532289628180036,69.61846007621415
0.487279843444227,23.091646631050324
0.4892367906066536,6.061413430142174
0.4911937377690802,-12.418787052629154
0.4931506849315068,11.37724746767598
0.49510763209393344,20.90875419316322
0.49706457925636005,55.16845731168432
0.49902152641878667,44.35838058785156
0.0,360.0471
0.0017543859649122807,184.33966541549353
0.0035087719298245615,158.44501669577957
0.005263157894736842,141.88890015186686
0.007017543859649123,48.27616969112155
0.008771929824561403,47.765853616148014
0.010526315789473684,13.963958925062084
0.012280701754385965,-5.969898479397775
0.014035087719298246,-20.29587873025301
0.015789473684210527,5.198254419081387
0.017543859649122806,-9.347999719215654
0.01929824561403509,-47.94424652307595
0.021052631578947368,-16.703903400445746
0.02280701754385965,-38.20346316762053
0.02456140350877193,-28.93609550173674
0.026315789473684213,53.75731963885458
0.028070175438596492,1.8965114741061226
0.02982456140350877,7.287208199624466
0.031578947368421054,40.152752187464664
0.03333333333333333,18.234553988720975
0.03508771929824561,-25.87516059095989
0.0368421052631579,-1.6895946971715539
0.03859649122807018,-17.864165402499196
0.04035087719298246,-46.36276564299325
0.042105263157894736,33.4172039195652
0.043859649122807015,-19.62437471438948
0.0456140350877193,-50.470144265367495
0.04736842105263158,16.3867707204018
0.04912280701754386,-13.755620886209687
0.05087719298245614,-10.191035039515715
0.052631578947368425,3.9195178325858784
0.054385964912280704,-33.735056969827085
0.056140350877192984,-9.743796795757168
0.05789473684210526,-1.891679520037826
0.05964912280701754,-9.482842253637347
0.06140350877192983,-34.922099740359634
0.06315789473684211,-10.368419599554798
0.0649122807017544,7.594881060192571
0.06666666666666667,-25.2461709138246
0.06842105263157895,46.489634740689894
0.07017543859649122,-3.554746713012422
0.07192982456140351,-28.006577345479684
0.0736842105263158,5.949642772548755
0.07543859649122807,-15.614793438736129
0.07719298245614035,-30.040287980373044
0.07894736842105263,-9.967944737020774
0.08070175438596491,-27.891240116560937
0.0824561403508772,-11.566589582397402
0.08421052631578947,-2.330011399474703
0.08596491228070176,-21.714739685385297
0.08771929824561403,-50.05168185735547
0.08947368421052632,3.619283270261814
0.0912280701754386,48.164358575428
0.09298245614035087,13.023281693700932
0.09473684210526316,83.60630669343698
0.09649122807017545,47.66611791150504
0.09824561403508772,48.59859814747671
0.1,55.39487364356845
0.10175438596491228,22.00172245911189
0.10350877192982456,-6.0753296372772905
0.10526315789473685,5.6346949668466095
0.10701754385964912,-24.500724078095434
0.10877192982456141,-14.356094058249315
0.11052631578947368,11.696870901218018
0.11228070175438597,-20.753544445126884
0.11403508771929825,-17.42032846689568
0.11578947368421053,4.48498098266799
0.11754385964912281,10.018960836518218
0.11929824561403508,-22.889448508294194
0.12105263157894737,-3.3639588003974783
0.12280701754385966,-6.809267950646994
0.12456140350877193,-29.31513405781477
0.12631578947368421,-20.508046764838085
0.1280701754385965,-17.905955280545285
0.1298245614035088,-35.38304332159599
0.13157894736842105,0.6555151121865777
0.13333333333333333,14.059878832021791
0.13508771929824562,-18.48101981591259
0.1368421052631579,-4.464981085586771
0.1385964912280702,-10.851691810525335
0.14035087719298245,-15.783645979750657
0.14210526315789473,16.330512041098515
0.14385964912280702,-2.0567774022830063
0.1456140350877193,-8.97340514397268
0.1473684210526316,56.34316189473705
0.14912280701754385,13.19156414664575
0.15087719298245614,23.35560926870838
0.15263157894736842,22.01436683104764
0.1543859649122807,-13.542429164767876
0.156140350877193,-14.179156703703391
0.15789473684210525,-22.908513768926944
0.15964912280701754,34.77156431218016
0.16140350877192983,22.666357175196953
0.1631578947368421,31.19495556460396
0.1649122807017544,56.139343074513576
0.16666666666666666,39.31609999999997
0.16842105263157894,18.96518642758099
0.17017543859649123,30.549551710755818
0.17192982456140352,7.96183608884995
0.1736842105263158,54.59550685232998
0.17543859649122806,29.141857314811375
0.17719298245614035,19.16953852083819
0.17894736842105263,43.01604494746142
0.18070175438596492,19.809307962456437
0.1824561403508772,8.84495432669583
0.18421052631578946,2.462817629395264
0.18596491228070175,3.3568961609541077
0.18771929824561404,2.2544570603761187
0.18947368421052632,32.90921578607581
0.1912280701754386,28.295627160640546
0.1929824561403509,41.34360751821659
0.19473684210526315,25.76754282921887
0.19649122807017544,26.823496159498777
0.19824561403508772,22.131901291992715
0.2,24.630012623667525
0.2017543859649123,17.11403103665539
0.20350877192982456,12.806655147899793
0.20526315789473684,-4.0803170569656295
0.20701754385964913,-0.9520783163481639
0.20877192982456141,-0.3591149680133423
0.2105263157894737,-5.059358968472701
0.21228070175438596,5.278750055295905
0.21403508771929824,-4.432080237286079
0.21578947368421053,17.9220845915909
0.21754385964912282,-5.960995279158745
0.2192982456140351,-8.14134463953977
0.22105263157894736,-3.6689188127945993
0.22280701754385965,-12.542279817003182
0.22456140350877193,-11.601002581254672
0.22631578947368422,-10.690192346758355
0.2280701754385965,-2.299785486000612
0.22982456140350876,13.93676050831347
0.23157894736842105,17.024105911901778
0.23333333333333334,-2.9502654538758284
0.23508771929824562,-12.155685254830285
0.2368421052631579,-24.548082267251445
0.23859649122807017,-20.734620677877828
0.24035087719298245,-38.262789964205105
0.24210526315789474,-1.3859643195551712
0.24385964912280703,-7.830141357049312
0.2456140350877193,4.5062890479568996
0.24736842105263157,1.3211523998407948
0.24912280701754386,-1.1647943903321127
0.25087719298245614,-0.871094442018044
0.25263157894736843,-17.71612654320962
0.2543859649122807,-13.036210848876125
0.256140350877193,-3.075831798392312
0.2578947368421053,20.221139916875096
0.2596491228070176,-24.387528959732485
0.2614035087719298,9.936292553810041
0.2631578947368421,-3.7301531662277068
0.2649122807017544,3.5002331468041676
0.26666666666666666,-18.05362939930594
0.26842105263157895,-23.544186394399027
0.27017543859649124,10.245765554190772
0.2719298245614035,-18.68138112428107
0.2736842105263158,-18.6456679447893
0.2754385964912281,-6.426641908733436
0.2771929824561404,-39.115988304206205
0.2789473684210526,-19.850201392254696
0.2807017543859649,-19.234172705831245
0.2824561403508772,-2.1113889927465554
0.28421052631578947,22.03259814319571
0.28596491228070176,-3.8907546943941513
0.28771929824561404,39.260059763563845
0.2894736842105263,20.829582941588917
0.2912280701754386,30.57051183404691
0.2929824561403509,42.779507892291356
0.2947368421052632,41.46030147320829
0.2964912280701754,47.35364077200549
0.2982456140350877,40.1183669960043
0.3,33.36602635643153
0.3017543859649123,32.57901496344662
0.30350877192982456,31.811459613804512
0.30526315789473685,21.944748070264737
0.30701754385964913,28.39689102516256
0.3087719298245614,25.82033336137768
0.3105263157894737,14.057196111385808
0.312280701754386,44.31417038470658
0.3140350877192983,44.53601461672794
0.3157894736842105,-13.084617601577243
0.3175438596491228,4.277871643698335
0.3192982456140351,-18.287650916732822
0.32105263157894737,2.4623793278714814
0.32280701754385965,-7.415773502791509
0.32456140350877194,-2.3088630872949967
0.3263157894736842,41.091756331577095
0.3280701754385965,-4.6750294843358455
0.3298245614035088,40.20023537173049
0.3315789473684211,9.202013598788609
0.3333333333333333,2.66129999999999
0.3350877192982456,16.218307151003895
0.3368421052631579,-12.187713590252445
0.3385964912280702,18.075748498234578
0.34035087719298246,42.43092860211779
0.34210526315789475,10.38709544673449
0.34385964912280703,43.790741198342225
0.3456140350877193,28.422363468642374
0.3473684210526316,15.222689416646332
0.3491228070175439,-1.1145265410566232
0.3508771929824561,-16.06807302552362
0.3526315789473684,17.707481246257416
0.3543859649122807,-17.28356224119979
0.356140350877193,17.96382848210703
0.35789473684210527,-15.246159383721137
0.35964912280701755,5.085611145844668
0.36140350877192984,30.06769857145822
0.3631578947368421,13.928400712363011
0.3649122807017544,9.318105035907829
0.3666666666666667,0.07656156790819413
0.3684210526315789,-6.128362581346291
0.3701754385964912,-20.699185860818012
0.3719298245614035,-14.254324564781895
0.3736842105263158,-19.849023041794375
0.37543859649122807,-35.7031984629724
0.37719298245614036,-12.468204768395548
0.37894736842105264,-14.138021446051253
0.38070175438596493,-17.681918016942078
0.3824561403508772,-2.941854627931348
0.3842105263157895,-22.98053213209984
0.3859649122807018,8.153878392619976
0.387719298245614,3.8047610098501483
0.3894736842105263,15.563070996618377
0.3912280701754386,6.815839607724783
0.3929824561403509,13.827523533964449
0.39473684210526316,31.72439297545705
0.39649122807017545,21.51921753250378
0.39824561403508774,31.087030316393133
0.4,9.378687376332458
0.4017543859649123,12.359423542534504
0.4035087719298246,43.948861898444406
0.4052631578947368,22.0649164299318
0.4070175438596491,-19.59684177889479
0.4087719298245614,-0.2620323734107579
0.4105263157894737,-28.75764013647252
0.41228070175438597,-16.244274464668287
0.41403508771929826,-37.869838244129454
0.41578947368421054,-42.242090897149296
0.41754385964912283,-24.82806633070813
0.4192982456140351,-35.92475849000322
0.4210526315789474,-3.363617351358238
0.42280701754385963,-0.1453490337324137
0.4245614035087719,-1.7536165937299266
0.4263157894736842,-11.303985741200053
0.4280701754385965,0.47998201143612285
0.4298245614035088,18.049255227157104
0.43157894736842106,12.87288089418109
0.43333333333333335,-29.79420010275333
0.43508771929824563,22.15746006796179
0.4368421052631579,2.646770539661415
0.4385964912280702,-19.547795803520692
0.44035087719298244,-20.378106446475567
0.4421052631578947,-41.362287180372206
0.443859649122807,-12.983010848072967
0.4456140350877193,-10.715843229189172
0.4473684210526316,-12.302446739944674
0.44912280701754387,-29.489940925731357
0.45087719298245615,-23.101614122179594
0.45263157894736844,-18.221544917299852
0.4543859649122807,2.693370913326401
0.456140350877193,-6.512506782644305
0.4578947368421053,-0.9917961571847158
0.45964912280701753,-2.542016797162656
0.4614035087719298,23.66791374521391
0.4631578947368421,17.067588187337037
0.4649122807017544,-3.1691834685203837
0.4666666666666667,-3.8596285188912223
0.46842105263157896,-10.639534000504058
0.47017543859649125,-2.639201797387525
0.47192982456140353,12.719770673382627
0.4736842105263158,32.529560638476624
0.4754385964912281,3.398949813997053
0.47719298245614034,41.76705470188324
0.4789473684210526,50.654147978877425
0.4807017543859649,28.50154348454907
0.4824561403508772,19.337891214102395
0.4842105263157895,11.52871186911959
0.48596491228070177,26.121305394309246
0.48771929824561405,34.336687005556236
0.48947368421052634,5.556311002654414
0.4912280701754386,25.298425446407997
0.4929824561403509,21.69356378291947
0.49473684210526314,42.38760069376724
0.4964912280701754,34.42771733630577
0.4982456140350877,-11.415762778611324
0.0,537.6246
0.0017391304347826088,149.65177748828904
0.0034782608695652175,39.10113871449944
0.0052173913043478265,4.866949590827534
0.006956521739130435,-39.853743112010186
0.008695652173913044,22.286178597259223
0.010434782608695653,-30.15585045491703
0.01217391304347826,42.57941451669221
0.01391304347826087,17.215079607715708
0.01565217391304348,75.32978886720564
0.017391304347826087,50.595776386184994
0.019130434782608695,-10.16012074383545
0.020869565217391306,-38.996282059928056
0.022608695652173914,-20.001422830654356
0.02434782608695652,86.0339747675634
0.026086956521739132,14.109134822328542
0.02782608695652174,115.91545402956618
0.029565217391304348,57.532938828811616
0.03130434782608696,-38.777612214083355
0.03304347826086956,45.575380113429674
0.034782608695652174,7.856196363130854
0.036521739130434785,-28.786665598937635
0.03826086956521739,-29.201770512666965
0.04,22.848826398225704
0.04173913043478261,76.23614939674191
0.043478260869565216,16.84865551684126
0.04521739130434783,-34.87163012391757
0.04695652173913044,-29.761992964876903
0.04869565217391304,7.813469391424084
0.050434782608695654,24.24877576583771
0.052173913043478265,30.714311508263883
0.05391304347826087,-84.14585361529107
0.05565217391304348,-55.36061398133305
0.05739130434782609,-8.267566168872733
0.059130434782608696,20.81797756637575
0.06086956521739131,40.12750106847676
0.06260869565217392,58.37919397545851
0.06434782608695652,11.998352305373283
0.06608695652173913,5.364039375681557
0.06782608695652174,32.13269255335881
0.06956521739130435,54.695156650763366
0.07130434782608695,0.5945916751360674
0.07304347826086957,-71.86598325887788
0.07478260869565218,59.988919925837294
0.07652173913043478,13.171350192021288
0.0782608695652174,-10.026102698498429
0.08,33.470264379876895
0.0817391304347826,-69.53379341840812
0.08347826086956522,2.8125485828836965
0.08521739130434783,-12.344108139023472
0.08695652173913043,33.126903950709874
0.08869565217391305,-6.424603091210715
0.09043478260869565,27.2519671132663
0.09217391304347826,62.21263880425259
0.09391304347826088,-28.244365849188704
0.09565217391304348,-22.37778702182417
0.09739130434782609,-40.66826783729013
0.0991304347826087,7.32206323869266
0.10086956521739131,-55.68377293708841
0.10260869565217391,25.408119781667818
0.10434782608695653,75.23673354779497
0.10608695652173913,-87.52637081972699
0.10782608695652174,29.031415326182945
0.10956521739130436,-10.638118382836174
0.11130434782608696,34.837751084407984
0.11304347826086956,10.88920301967984
0.11478260869565218,-69.02718462513184
0.11652173913043479,-30.427654039316618
0.11826086956521739,-8.178340636545641
0.12000000000000001,51.09689185244097
0.12173913043478261,16.694451382733813
0.12347826086956522,-1.553461031177136
0.12521739130434784,-41.86923629695817
0.12695652173913044,28.089195217303274
0.12869565217391304,1.6179757412141353
0.13043478260869565,-25.684460492321136
0.13217391304347825,39.40501341942634
0.13391304347826088,-41.73863149369831
0.1356521739130435,5.030130218174704
0.1373913043478261,-13.021413184223041
0.1391304347826087,-0.36140343593121216
0.1408695652173913,35.533386910378034
0.1426086956521739,-32.324884087304284
0.14434782608695654,-21.888683550458822
0.14608695652173914,5.808406974187926
0.14782608695652175,8.981429872090319
0.14956521739130435,8.686868957032193
0.15130434782608695,5.446870104131955
0.15304347826086956,-4.796133148015976
0.1547826086956522,10.461669492399132
0.1565217391304348,20.675651963287255
0.1582608695652174,-62.696414106220324
0.16,-16.691020708211795
0.1617391304347826,17.20333084721247
0.1634782608695652,12.507973660553086
0.16521739130434784,29.031437170485848
0.16695652173913045,4.734127521154617
0.16869565217391305,-1.5300527181272479
0.17043478260869566,24.58306113244869
0.17217391304347826,20.348733390481414
0.17391304347826086,-2.5209148112778816
0.1756521739130435,-66.11194216923467
0.1773913043478261,-37.9365464895924
0.1791304347826087,46.41992204818257
0.1808695652173913,18.83677124190519
0.1826086956521739,21.35512800169232
0.18434782608695652,-16.787340752478997
0.18608695652173915,-24.069154868453957
0.18782608695652175,16.360209789039722
0.18956521739130436,17.654986166821143
0.19130434782608696,41.92789256625018
0.19304347826086957,-8.436356451623473
0.19478260869565217,15.683660256004945
0.1965217391304348,43.1304960005635
0.1982608695652174,21.77588455522625
0.2,-10.260778651032467
0.20173913043478262,-15.915395661901066
0.20347826086956522,11.389166049982657
0.20521739130434782,-7.765615157828111
0.20695652173913046,19.493393292139423
0.20869565217391306,-18.818659106902544
0.21043478260869566,3.063833164727174
0.21217391304347827,1.8017611278883745
0.21391304347826087,-12.108361183182858
0.21565217391304348,26.813521815418888
0.2173913043478261,-59.21755574936256
0.2191304347826087,-15.763712051335851
0.22086956521739132,9.997355941743113
0.22260869565217392,-8.093553561082167
0.22434782608695653,-27.96652298650143
0.22608695652173913,-31.470608865575493
0.22782608695652173,-27.21525007893085
0.22956521739130437,-31.278526155554403
0.23130434782608697,55.344623183635846
0.23304347826086957,0.9756838025377395
0.23478260869565218,0.6841821564035833
0.23652173913043478,5.943424494375799
0.2382608695652174,-9.71738438330812
0.24000000000000002,20.98098628658893
0.24173913043478262,-40.21151175672136
0.24347826086956523,16.50297945236947
0.24521739130434783,-18.32010843285614
0.24695652173913044,-43.06271027467171
0.24869565217391304,3.8486409837616993
0.25043478260869567,-22.643712138462895
0.25217391304347825,-19.951119083763622
0.2539130434782609,-0.5452732890826946
0.2556521739130435,-8.265802872109042
0.2573913043478261,-31.38778430293322
0.2591304347826087,25.962792341308912
0.2608695652173913,42.21104253333165
0.26260869565217393,8.959756450630563
0.2643478260869565,15.00195463393116
0.26608695652173914,-13.82096746302891
0.26782608695652177,0.6374807122473776
0.26956521739130435,-22.64092240236254
0.271304347826087,5.669944312368216
0.27304347826086955,14.817031956619669
0.2747826086956522,13.760010826949959
0.2765217391304348,32.31942765443094
0.2782608695652174,4.41779393370646
0.28,-17.13844498028427
0.2817391304347826,-3.8599705197570495
0.28347826086956524,44.13652547790167
0.2852173913043478,14.703053052044634
0.28695652173913044,-4.512173001408546
0.2886956521739131,-6.9333776760317924
0.29043478260869565,8.283400794012385
0.2921739130434783,-1.0180780087325072
0.29391304347826086,-38.43151619541962
0.2956521739130435,-25.140835292592413
0.2973913043478261,-39.71122323517777
0.2991304347826087,-13.94018301192343
0.30086956521739133,28.01589910485623
0.3026086956521739,23.550465450467343
0.30434782608695654,-0.4434561911225572
0.3060869565217391,34.05432717785706
0.30782608695652175,-3.402134199669894
0.3095652173913044,-2.99115177114318
0.31130434782608696,17.84172045540272
0.3130434782608696,36.75671033243692
0.31478260869565217,35.473347251741316
0.3165217391304348,-27.021842453687466
0.31826086956521743,35.58328875782004
0.32,30.481626976028174
0.32173913043478264,-21.68423424597696
0.3234782608695652,43.0150151467558
0.32521739130434785,4.540268653474499
0.3269565217391304,23.74977979049857
0.32869565217391306,24.79072600365501
0.3304347826086957,13.616944296771392
0.33217391304347826,6.3221095759245065
0.3339130434782609,41.93599151675852
0.3356521739130435,47.83376369968299
0.3373913043478261,-4.400201630722973
0.3391304347826087,27.64128088494293
0.3408695652173913,-6.728170214291927
0.34260869565217394,31.114700676793046
0.3443478260869565,30.594901728042107
0.34608695652173915,24.116454721177597
0.34782608695652173,73.39452752856229
0.34956521739130436,-7.769189411599575
0.351304347826087,77.68481864646648
0.35304347826086957,70.77018102288726
0.3547826086956522,18.94242431521146
0.3565217391304348,-20.704355693495362
0.3582608695652174,-12.15493744846161
0.36,-15.824389111027648
0.3617391304347826,1.197530525475413
0.36347826086956525,31.268589091979685
0.3652173913043478,-32.738541199017206
0.36695652173913046,4.740800706663051
0.36869565217391304,-24.95731509044134
0.37043478260869567,-17.389171779800897
0.3721739130434783,16.151697425613783
0.3739130434782609,-17.645675843844103
0.3756521739130435,51.250291124104486
0.3773913043478261,5.935308605020123
0.3791304347826087,-12.140518145297428
0.3808695652173913,-2.7422038558136084
0.3826086956521739,8.485244714795755
0.38434782608695656,20.61791114827443
0.38608695652173913,25.02027154100651
0.38782608695652177,34.707375159524204
0.38956521739130434,2.5830680750147312
0.391304347826087,5.419751284281538
0.3930434782608696,27.22370981901361
0.3947826086956522,16.295931440130666
0.3965217391304348,-11.753050495877092
0.3982608695652174,-42.15553847107137
0.4,-31.37552134896754
0.4017391304347826,-26.59007054203519
0.40347826086956523,3.8151209274177007
0.40521739130434786,-24.137342802069774
0.40695652173913044,-22.75882037489605
0.40869565217391307,-13.436015706192439
0.41043478260869565,30.043243124599883
0.4121739130434783,9.292988245539393
0.4139130434782609,4.461800576941716
0.4156521739130435,14.744858233986648
0.4173913043478261,19.46848912205425
0.4191304347826087,-15.827771923957327
0.42086956521739133,-37.71134196348452
0.4226086956521739,2.8091629585649036
0.42434782608695654,-5.409196665849997
0.42608695652173917,12.341549418497776
0.42782608695652175,-12.371127129146293
0.4295652173913044,-85.46823607268723
0.43130434782608695,-23.538675902387205
0.4330434782608696,2.5797361649755617
0.4347826086956522,-16.826310558430972
0.4365217391304348,3.6209836639970234
0.4382608695652174,4.981064338657607
0.44,-2.706940440358979
0.44173913043478263,17.97124588356712
0.4434782608695652,-20.901919717579897
0.44521739130434784,-22.21220067818502
0.4469565217391305,-1.7540787536623839
0.44869565217391305,-16.43738556970209
0.4504347826086957,28.785879807173323
0.45217391304347826,18.871517060928277
0.4539130434782609,14.772086558262009
0.45565217391304347,54.82164168761791
0.4573913043478261,8.975276293224805
0.45913043478260873,6.624226369746205
0.4608695652173913,-10.174396046405365
0.46260869565217394,10.936996617482245
0.4643478260869565,12.420546365595921
0.46608695652173915,19.66090238533762
0.4678260869565218,-3.5469844659675394
0.46956521739130436,-19.15803158286102
0.471304347826087,6.069066071391079
0.47304347826086957,-11.566174503370727
0.4747826086956522,56.43492723887596
0.4765217391304348,19.56892088233735
0.4782608695652174,-9.90853301121146
0.48000000000000004,22.542449346722016
0.4817391304347826,-3.9076701474094158
0.48347826086956525,33.59091836717711
0.4852173913043478,18.77620866137322
0.48695652173913045,3.207884947736723
0.4886956521739131,-22.934769286104515
0.49043478260869566,-23.978973684446117
0.4921739130434783,-12.083836212967448
0.49391304347826087,-12.602583667059069
0.4956521739130435,-6.2173782968344256
0.4973913043478261,-2.14863918948398
0.4991304347826087,-1.4830554100142468
0.0,656.9972
0.0017152658662092624,100.55089788862148
0.003430531732418525,59.26370981811904
0.005145797598627787,64.21217666885212
0.00686106346483705,8.19198048200541
0.008576329331046312,-55.56273693395127
0.010291595197255574,4.928188648644564
0.012006861063464836,23.384280154186236
0.0137221269296741,-34.60714601955853
0.015437392795883362,-32.66505018506213
0.017152658662092625,20.790518507470196
0.018867924528301886,72.21039888168822
0.020583190394511147,-66.87923526575516
0.022298456260720412,-46.3017047402467
0.024013722126929673,78.77950546674627
0.025728987993138937,-4.762371330667806
0.0274442538593482,42.98123128452877
0.02915951972555746,55.4352865015948
0.030874785591766724,-72.6495603719816
0.032590051457975985,32.01529211627316
0.03430531732418525,-27.545980846211933
0.03602058319039451,-14.313412686743641
0.03773584905660377,-48.89222274262819
0.03945111492281304,51.1154953946366
0.041166380789022294,-125.98554698607387
0.04288164665523156,27.455692425753007
0.044596912521440824,18.90584671041738
0.04631217838765009,36.849133227862225
0.048027444253859346,-49.13811078653738
0.04974271012006861,-7.470724765213863
0.051457975986277875,33.00140726796309
0.05317324185248713,41.77337717538518
0.0548885077186964,42.47748200723808
0.05660377358490566,-13.547938366326155
0.05831903945111492,-9.492267904300533
0.060034305317324184,-19.91736339627138
0.06174957118353345,4.889871524803985
0.0634648370497427,21.732824964615453
0.06518010291595197,1.1944646761369597
0.06689536878216124,-8.572128004750194
0.0686106346483705,-10.73997696911357
0.07032590051457976,-17.369294097945637
0.07204116638078902,20.586744441274938
0.07375643224699828,-2.3827447694222745
0.07547169811320754,11.952363597083863
0.07718696397941681,16.62346085205101
0.07890222984562607,53.769780260634114
0.08061749571183534,-15.579993300127462
0.08233276157804459,17.896242087302433
0.08404802744425385,16.215589447628048
0.08576329331046312,-39.47428251003801
0.08747855917667238,-42.499336795581684
0.08919382504288165,-14.77528532489616
0.09090909090909091,-42.53580149471891
0.09262435677530018,20.545514786898757
0.09433962264150943,-16.26557843050081
0.09605488850771869,-17.664603777990827
0.09777015437392796,11.508911398627998
0.09948542024013722,0.16775709292395646
0.10120068610634649,12.23482836151079
0.10291595197255575,17.03332011271531
0.104631217838765,39.71408815057777
0.10634648370497427,7.426867757073761
0.10806174957118353,-5.372174418786964
0.1097770154373928,4.4851885996671434
0.11149228130360206,7.004282255432589
0.11320754716981132,27.101012761809756
0.11492281303602059,3.371644635979938
0.11663807890222984,17.633585843216
0.1183533447684391,-17.2588030624578
0.12006861063464837,3.997910230540308
0.12178387650085763,17.082373332097223
0.1234991423670669,20.59293685072179
0.12521440823327615,-6.698130321101376
0.1269296740994854,29.422627952638802
0.12864493996569468,18.239753635248288
0.13036020583190394,10.207264255627724
0.1320754716981132,9.448804387467046
0.13379073756432247,-27.25066692486708
0.13550600343053174,-16.470740830492506
0.137221269296741,6.816081874424392
0.13893653516295026,31.24903564901733
0.14065180102915953,-8.464994977275303
0.1423670668953688,8.59929961022749
0.14408233276157803,10.766459677653387
0.1457975986277873,13.95436769994907
0.14751286449399656,20.557734514302332
0.14922813036020582,41.61020212592524
0.1509433962264151,16.324376898216848
0.15265866209262435,16.78801318116637
0.15437392795883362,8.441200398534301
0.15608919382504288,31.6502087055742
0.15780445969125215,23.560133282909533
0.1595197255574614,41.0619908996605
0.16123499142367068,1.1081442422307148
0.16295025728987994,-14.264180935641493
0.16466552315608918,-1.86159241254461
0.16638078902229844,7.425738494692649
0.1680960548885077,31.42546564774532
0.16981132075471697,18.654296493049042
0.17152658662092624,-9.116446156965415
0.1732418524871355,1.585523151325889
0.17495711835334476,16.34088101759871
0.17667238421955403,44.84352747245169
0.1783876500857633,25.61854140770571
0.18010291595197256,-2.4384032329522682
0.18181818181818182,61.803504800742985
0.1835334476843911,26.386415424267657
0.18524871355060035,41.902737149422606
0.1869639794168096,19.51289855396758
0.18867924528301885,7.949939622915471
0.19039451114922812,-14.565713484876975
0.19210977701543738,-3.3833753022989597
0.19382504288164665,14.884697824162185
0.1955403087478559,-27.335271007632493
0.19725557461406518,-22.311037844248144
0.19897084048027444,-13.89970259501781
0.2006861063464837,6.673630502514547
0.20240137221269297,-15.657796292071133
0.20411663807890223,31.816537912070856
0.2058319039451115,17.85439533230221
0.20754716981132076,14.524096509312649
0.20926243567753,27.396352822000082
0.21097770154373927,20.343388354254962
0.21269296740994853,9.927722753731475
0.2144082332761578,7.201285956552837
0.21612349914236706,-30.03626568558923
0.21783876500857632,8.367809968356774
0.2195540308747856,-2.2686636684067603
0.22126929674099485,12.922021040125198
0.22298456260720412,33.098488611173465
0.22469982847341338,-11.641179063893178
0.22641509433962265,-16.751382261573507
0.2281303602058319,13.856567676374052
0.22984562607204118,2.594311876406193
0.2315608919382504,14.20156164224546
0.23327615780445968,13.000482434825738
0.23499142367066894,28.711139439322224
0.2367066895368782,72.57413785770788
0.23842195540308747,3.530915397559973
0.24013722126929674,-2.095902419498511
0.241852487135506,-42.64890560641504
0.24356775300171526,-32.114240742814275
0.24528301886792453,-93.20594430767815
0.2469982847341338,-6.846470033982735
0.24871355060034306,-4.668157576989605
0.2504288164665523,6.4240241761445365
0.2521440823327616,5.570183849324028
0.2538593481989708,19.75427681511862
0.2555746140651801,-9.942014081635113
0.25728987993138935,-25.457288207787514
0.25900514579759865,3.0878171662536538
0.2607204116638079,37.031598349080724
0.2624356775300172,28.125394497975368
0.2641509433962264,2.459475465000466
0.26586620926243565,26.437545223237187
0.26758147512864494,21.082091528515583
0.2692967409948542,-13.358709682178363
0.27101200686106347,-15.7118976161538
0.2727272727272727,-3.5666499134012355
0.274442538593482,-16.546248234423196
0.27615780445969124,-26.309271376251466
0.27787307032590053,-54.97230027312022
0.27958833619210977,-19.34132405615791
0.28130360205831906,-12.208218873407382
0.2830188679245283,0.06098999468734334
0.2847341337907376,-6.263901332722682
0.2864493996569468,44.86999488119484
0.28816466552315606,39.11150602741125
0.28987993138936535,19.454877270484893
0.2915951972555746,17.17369118762637
0.2933104631217839,48.874711888591406
0.2950257289879931,-8.365594819001432
0.2967409948542024,12.5063380476273
0.29845626072041165,30.63739192645044
0.30017152658662094,-4.193927098096729
0.3018867924528302,-11.367786304534302
0.30360205831903947,16.32166236936783
0.3053173241852487,22.700474631982946
0.307032590051458,5.45020019151071
0.30874785591766724,-47.03602491563666
0.3104631217838765,1.1402824475638784
0.31217838765008576,10.27156333192086
0.313893653516295,10.403827856163696
0.3156089193825043,23.676197856864633
0.31732418524871353,19.392628015981348
0.3190394511149228,12.619592056123736
0.32075471698113206,31.832613722613303
0.32246998284734135,14.393260519989639
0.3241852487135506,-33.06133005530441
0.3259005145797599,-0.7428028216498155
0.3276157804459691,30.049394136809457
0.32933104631217835,14.352390492596887
0.33104631217838765,21.082897004535948
0.3327615780445969,-12.900410950447835
0.3344768439108062,-37.92115317439037
0.3361921097770154,-20.604212620683676
0.3379073756432247,-9.466748293805553
0.33962264150943394,19.256862718684825
0.34133790737564323,-17.772336365843227
0.34305317324185247,-5.129593713922116
0.34476843910806176,0.1015246721287042
0.346483704974271,6.598428748036639
0.3481989708404803,17.098126256652847
0.34991423670668953,42.787019989770386
0.35162950257289877,1.871547450176036
0.35334476843910806,3.7304028125378776
0.3550600343053173,-30.027467812300284
0.3567753001715266,-7.906570137179175
0.3584905660377358,-1.8754072525388796
0.3602058319039451,-40.32121281343825
0.36192109777015435,-24.35016666827267
0.36363636363636365,32.62383601313686
0.3653516295025729,42.94137451700019
0.3670668953687822,39.34341235017044
0.3687821612349914,-3.7820323562608653
0.3704974271012007,-16.51363177797669
0.37221269296740994,-44.37927191148401
0.3739279588336192,-13.26423195207374
0.37564322469982847,-3.603281877238301
0.3773584905660377,28.57623669487322
0.379073756432247,-45.476484967329476
0.38078902229845624,40.330387576503455
0.38250428816466553,78.37243885664834
0.38421955403087477,-18.33405230144894
0.38593481989708406,47.23929265971179
0.3876500857632933,33.80405854383952
0.3893653516295026,7.691971833376863
0.3910806174957118,6.6770578711790005
0.3927958833619211,13.375114078855425
0.39451114922813035,19.080632834453255
0.3962264150943396,18.0564944297919
0.3979416809605489,-28.196179276956308
0.3996569468267581,19.673479806519165
0.4013722126929674,3.3832741793623398
0.40308747855917665,-25.644082855010808
0.40480274442538594,-8.714229652703306
0.4065180102915952,-13.587874137228063
0.40823327615780447,-6.885036714526383
0.4099485420240137,27.429328982956562
0.411663807890223,22.624326137405504
0.41337907375643224,27.01418760370646
0.41509433962264153,-39.55208626013224
0.41680960548885077,-40.814960775022755
0.41852487135506,-16.959234857500515
0.4202401372212693,66.3342285227892
0.42195540308747853,-35.21212839015741
0.4236706689536878,5.809515904574406
0.42538593481989706,-13.241105184553088
0.42710120068610635,-20.85247303387334
0.4288164665523156,-24.958615307920034
0.4305317324185249,-17.67546029516424
0.4322469982847341,30.86211997089774
0.4339622641509434,-65.69917331354506
0.43567753001715265,6.572728123873176
0.43739279588336194,-0.11031264280521214
0.4391080617495712,-5.264017269065089
0.4408233276157804,51.91242927531792
0.4425385934819897,27.50723603644538
0.44425385934819894,13.310640930222277
0.44596912521440824,-20.928378681531143
0.44768439108061747,20.002869558082768
0.44939965694682676,29.358310586747972
0.451114922813036,-9.365752140978627
0.4528301886792453,26.545713137545256
0.45454545454545453,-25.17878940575976
0.4562607204116638,-4.12474169906778
0.45797598627787306,-21.401897020213077
0.45969125214408235,10.96623744725279
0.4614065180102916,-59.95226223179789
0.4631217838765008,-16.615275820966623
0.4648370497427101,11.190885886892694
0.46655231560891935,20.277827488201144
0.46826758147512865,-22.438839647869106
0.4699828473413379,2.688774913961854
0.4716981132075472,36.23243309251435
0.4734133790737564,-26.80971597410982
0.4751286449399657,37.67137391006199
0.47684391080617494,1.8858050990034094
0.47855917667238423,-17.758161410038642
0.48027444253859347,-1.5850558896677516
0.48198970840480276,-8.656117753600508
0.483704974271012,8.46334656727121
0.48542024013722124,0.15407090395366474
0.48713550600343053,15.498209354052669
0.48885077186963977,6.666898206158134
0.49056603773584906,-9.669089167796301
0.4922813036020583,2.7930148162614934
0.4939965694682676,12.691347993535963
0.4957118353344768,58.07295126174057
0.4974271012006861,0.8624447475596408
0.49914236706689535,8.321642318232946
