SO,CORR,SAM,SPEAR
0.3354,0.6079897298108909,0.2910140179869874,-0.021475233475233474
0.2456,0.308498990629069,0.38889081766779693,-0.08591480591480592
0.3776,0.8338269508528835,0.18648098321803508,-0.053409917409917414
0.3098,0.645157508225799,0.2764571448926162,-0.053466245466245475
0.3094,0.6903779290728002,0.2562685727986267,0.022681738681738683
0.4484,0.8439653426680969,0.1798429135467565,0.007072387072387072
0.3928,0.6969563119366656,0.2532033832036262,0.08894227694227694
0.3624,0.7209411626826336,0.246506900028985,-0.022503886503886506
0.3673,0.8150760860237078,0.19717672298266367,0.04478837678837679
0.21,0.39120516875939493,0.37464112553331885,0.007180615180615181
0.4227,0.80504202852361,0.20179636565968417,-0.04882534882534883
0.4216,0.8374854817308399,0.18490000512530855,-0.1245005565005565
0.4129,0.7268047332645823,0.24044885585742476,0.05526163926163927
0.3694,0.6362425699031475,0.2768091225429647,0.20456700056700056
0.3568,0.7692036913994437,0.22276337809696045,0.07399422199422201
0.2784,0.49813086596340017,0.3329789877187989,-0.04828588828588829
0.424,0.8746784985723779,0.1608284993172624,-0.012492924492924495
0.3249,0.5682221437304158,0.3047565760342911,-0.04217850617850618
0.3376,0.4995229152171448,0.32834854425819016,0.09410499410499411
0.3963,0.7250122200163162,0.24224713033505849,-0.07250832050832051
0.4446,0.800272703937223,0.203846700279302,-0.013003993003993006
0.3149,0.5547022812723622,0.31309095389432046,-0.0883978963978964
0.4121,0.7874987022808768,0.21092434271804258,-0.017013917013917017
0.2609,0.08365971701738523,0.45913389658602605,-0.07570323970323972
0.2527,0.45625885413144074,0.3553535017155489,-0.060427008427008426
0.3872,0.7478234891132101,0.23061521269518273,-0.06127720927720928
0.386,0.7502812677821311,0.2294769764723709,-0.011444579444579446
0.3051,0.4706825342255576,0.3436355843188928,-0.07847583047583048
0.4164,0.711437937307857,0.24730040190615052,-0.019471039471039474
0.44,0.8135351249796365,0.19670963906963998,0.015524643524643526
0.3808,0.7034153618434468,0.25296620409466114,0.10708609108609109
0.3705,0.5563708722166291,0.3100113994528837,0.09554644754644756
0.4282,0.8584090366890775,0.17136719629166333,-0.010406998406998408
0.3623,0.6854582111303723,0.2592203702059728,0.010032346032346033
0.4081,0.6819623474929699,0.26094759856666216,0.033001797001797006
0.2398,0.23345152586573026,0.42450781734103943,0.0110984750984751
0.416,0.7662631048913595,0.22170222685087623,0.06896249696249697
0.3088,0.581252186876425,0.3020363655569904,0.032561624561624564
0.31,0.47131931729283927,0.3424466940507527,-0.06787914787914788
0.3638,0.44583927925393263,0.35221455176711997,0.031658179658179665
0.4674,0.5824999037283678,0.29693415723657945,0.15977594777594778
0.3903,0.7540941616289627,0.227890220483769,0.004795852795852796
0.2961,0.5317740559146505,0.32068915395371506,-0.028636888636888635
0.3955,0.7108389833906066,0.246441445053956,-0.011846987846987848
0.434,0.7723414950142939,0.21860106909201568,0.10349299949299949
0.4034,0.7921377459228113,0.20803951802270534,-0.09257778857778858
0.1882,0.158913173575744,0.4452407346834664,0.05848508248508248
0.418,0.8545884404631962,0.17347966172498813,-0.007664899664899666
0.3402,0.6637819642767601,0.268088927485065,-0.00255926655926656
0.418,0.839706277574084,0.18212287035779667,-0.01559069159069159
0.4204,0.6963537537734448,0.25399467843648715,-0.07317069717069717
0.4149,0.6593231098027894,0.2689915043949355,0.12222162222162225
0.4312,0.7681323044401294,0.21124499573004832,0.10646378246378246
0.4335,0.7871600563793943,0.21104375149681706,-0.0758993318993319
0.4056,0.8167295362328051,0.19583786600846856,0.03102045102045102
0.3518,0.5320052027038686,0.3197386979252247,0.014797358797358799
0.4146,0.6366888542035846,0.2703113270261003,-0.14074972474972475
0.3226,0.5045244052746762,0.33229925085838885,0.036543864543864546
0.1949,0.33927042430814447,0.4116169291540862,0.08663202263202265
0.4365,0.8303363657686565,0.18749488038701903,-0.08374061974061975
0.3412,0.5836233173721659,0.3095038663585713,-0.03915323115323116
0.2929,0.6323442886222352,0.28173317151720995,-0.019604047604047603
0.4313,0.784954339647131,0.21170266118435443,0.009876021876021877
0.3558,0.5209779910527665,0.3225616494432797,-0.06043126843126844
0.3038,0.44007536844879014,0.3518750309929922,0.00607921807921808
0.428,0.5485056058961518,0.31374707126647466,-0.011233979233979235
0.3154,0.5989359288099505,0.2971126796385968,0.12284406284406285
0.364,0.6628780660365896,0.268224230469766,0.04976942576942578
0.2419,0.49773487824512225,0.33357791821613153,-0.019164079164079164
0.2207,0.45890165352153317,0.3481437817994693,0.15103401103401104
0.2941,0.5098045755872718,0.3277337880289205,0.05016857016857017
0.1854,0.335461808773999,0.38963285122835617,-0.004205980205980206
0.2509,0.23998743286920088,0.4179927189963311,0.03565396765396765
0.441,0.748538227442339,0.22324346373027834,-0.06297457497457498
0.2659,0.33654387361413673,0.3873059829034956,-0.13154757554757554
0.3414,0.446788495720595,0.35171026572798214,0.011397131397131399
0.3644,0.6644668176536273,0.26907135156197437,0.046822606822606826
0.4181,0.8477865466263969,0.17797285318423692,-0.0029233349233349234
0.4219,0.7939991969784608,0.20764832897819596,-0.05546403146403147
0.2506,0.36758498574691667,0.3779245209641736,0.007498903498903499
0.4482,0.8257549252270824,0.1835397038428183,0.18213822213822214
0.2347,0.48943684041036983,0.3385271110748477,0.036506760506760515
0.2496,0.30853634304881616,0.39653472635306813,-0.15842912642912643
0.3326,0.683340387374346,0.2601036899433445,0.03428140628140628
0.3393,0.6569226317955592,0.272475194839568,-0.012084864084864085
0.4881,0.8320100355473705,0.18567072710265312,0.10674779874779874
0.2919,0.6014795244043449,0.2984322034354501,0.026824214824214827
0.3132,0.4878153813397582,0.33832075503585185,-0.0029862029862029863
0.3831,0.7481527050809659,0.23128478363925017,0.08405936405936407
0.3363,0.45395385963377166,0.3499133168182614,0.02176872976872977
0.36,0.7288812462073355,0.24057250064194843,-0.026802746802746802
0.432,0.6443477702012319,0.2786065447986453,0.021660453660453664
0.3375,0.5979212134342696,0.29496895247592775,0.024140172140172143
0.4013,0.8286113974728287,0.1887709753677346,0.05632568032568033
0.3463,0.5449038556250666,0.31595541632878016,-0.021113421113421113
0.4296,0.7706519313640362,0.21979725908947118,0.01748936948936949
0.2571,0.28938838031405895,0.4050023538831803,-0.11453165453165455
0.4193,0.81145466363583,0.19871747626999478,0.0002520602520602521
0.4244,0.797664081836261,0.20586015113333941,-0.03672248472248472
0.3922,0.6811603889487285,0.2606787268927265,-0.03604399204399204
0.414,0.7824767505011946,0.21316658960512966,0.07238313638313638
0.4026,0.7367142639271856,0.23482018516244127,-0.03214776814776815
0.3602,0.5549908641063104,0.30987231468109533,-0.046507330507330503
0.2644,0.31711186680811976,0.3953659974828149,0.04046699246699247
0.288,0.44581348073975324,0.3515868479804618,0.18051769251769254
0.456,0.6462409948369762,0.2731545141858105,-0.009932457932457932
0.4859,0.7841074166538052,0.21128961778649535,0.04550141750141751
0.3183,0.6039606547043123,0.29280254674094325,-0.009490113490113491
0.4777,0.6954507185692771,0.2551617899302574,-0.10143079743079743
0.4244,0.8586354591471355,0.17084468243739176,-0.04043134043134043
0.4114,0.8688567076666005,0.16448101501692025,0.0009114369114369116
0.3468,0.6981730939307373,0.25457137424870624,0.021283665283665282
0.4265,0.8545686419972234,0.17338362153903303,-0.024291024291024296
0.3999,0.7913575042918781,0.21063822353553152,0.09323565323565323
0.1979,0.27244025317573406,0.4119282849578097,0.08105481305481306
0.4257,0.7798419345162908,0.2148884563534789,-0.0917837117837118
0.4264,0.8202642915381642,0.19318180179337732,0.002481218481218481
0.4252,0.828557771724882,0.1894374029503676,0.027662007662007663
0.2275,0.42673675049917326,0.35824228717567064,-0.02966570966570967
0.3637,0.6025156464588735,0.29025485982293253,0.06480259680259681
0.3914,0.7262897353864688,0.24056328044207223,0.03475227475227475
0.3882,0.8591033957598586,0.17180969558463904,0.04562188562188563
,0.5821518337626652,,
0.387,0.784599578784315,0.21223723965078742,0.06518375318375319
0.2573,0.39074609751657197,0.37175508088441567,-0.05281273681273681
0.3441,0.5840321045569126,0.303292789064991,-0.07015209415209415
0.2898,0.32972855627303693,0.39405142255916326,-0.009156969156969157
0.414,0.7897456373708026,0.2097916048515558,-0.018113022113022115
0.3811,0.7964522212268851,0.20688967467105787,0.020730584730584735
0.4103,0.748765640698957,0.22849015603614103,-0.06733815133815134
0.4606,0.7495818990036991,0.23227558366185752,0.07204984804984804
0.3322,0.5304591787720445,0.3156114284124345,0.2231724431724432
0.41,0.6340181134891187,0.277030372707135,0.08217137817137818
0.3275,0.7007548043831578,0.2525562144147384,-0.005280689280689281
0.3819,0.58314305027799,0.2978747713602462,-0.09248786048786048
0.3275,0.6746875651318183,0.2636124123276956,-0.010793782793782795
0.3352,0.6643052683309061,0.26767447634162045,0.03162099162099162
0.3089,0.5228602863445302,0.323605821829361,0.006914550914550915
0.4098,0.8521618803917876,0.17501966548964312,0.019762627762627764
0.4298,0.898501218902788,0.1446744648097664,-0.026400554400554402
0.3925,0.558247811667781,0.3081844584044665,0.10867912867912868
0.4019,0.8034050751901511,0.20250277671448674,-0.03298353298353299
0.3852,0.7377551008193979,0.23544336497788385,-0.05615896415896416
0.4495,0.8781947011730837,0.1584695399319803,0.07482371082371084
0.3747,0.810725002118696,0.19839405539411809,-0.03686785286785287
0.4094,0.7725322263970593,0.21873120095124504,-0.025113469113469112
0.3555,0.5962997046756612,0.2949614243582682,0.051025047025047024
0.3988,0.7003003380755314,0.25237931906449473,0.12485774885774886
0.451,0.7754665277782662,0.21750869046798263,0.014753906753906755
0.4256,0.8329518439931517,0.18667728512367723,0.018835842835842834
0.2536,0.47127168560413946,0.3426669481925642,-0.059952539952539956
0.4381,0.8353247590569814,0.18539675592711757,-0.03050851850851851
0.4121,0.6246826081335213,0.28292422850071125,0.027321291321291324
0.3986,0.6619469589655691,0.2677247216348708,0.05994068394068395
0.1958,0.22832596431137112,0.4232360703034337,-0.05022247422247422
0.4168,0.7383687833602506,0.2331935720799358,-0.010049602049602051
0.3173,0.5862774638138015,0.29845952496488953,0.10949090549090551
0.1977,0.40039005321874704,0.36750209360735836,0.03375104175104175
0.4577,0.8601282623300096,0.16991669832185494,0.10312055512055514
0.3702,0.5443357443014354,0.315445737031623,-0.10954356154356154
0.4506,0.643780012744443,0.2747545506189475,-0.19442904242904244
0.3353,0.7116113758471052,0.2486225573013392,-0.011503775503775506
0.397,0.7977416023353567,0.20522977008508386,0.07192809592809593
0.4248,0.7818629195924243,0.21440809688960843,-0.0417992337992338
0.4001,0.8455042928875803,0.1788670747418215,-0.04293942693942695
0.337,0.6277631728111571,0.2898204355147163,0.0023751743751743754
0.4263,0.8116185828480201,0.19857925909403568,-0.0770928770928771
0.434,0.8288181430684768,0.18896220951383777,-0.024259764259764262
0.3945,0.5849008358989493,0.3027693830455294,-0.0736022536022536
0.4032,0.6988386684284877,0.25489388679091074,0.13168756768756767
0.4233,0.7149022080440494,0.24528974779402307,-0.007336255336255338
0.2587,0.3176894496986968,0.3975233134626817,0.12231397431397431
0.3119,0.5149461063240455,0.33084606370804015,0.017122901122901123
0.2024,0.3163729334010185,0.4008672292048554,0.06224879024879025
0.2758,0.44521919568712043,0.35057113441218457,0.020312156312156313
0.2724,0.39127458720753105,0.36923145378052685,0.03441028641028641
0.3577,0.678713830283955,0.2619608501415603,0.019354219354219354
0.4123,0.8190421016721949,0.19426852725449975,0.017231381231381234
0.3654,0.8118831539340711,0.19932540151897174,0.0665928425928426
0.4167,0.889007023677753,0.15126657968122753,-0.06134016134016135
0.3821,0.7913255980205383,0.20905716865598914,0.01794702594702595
0.2187,0.2752254298654076,0.4040550442383514,0.08464855264855266
0.3113,0.5557202747048968,0.3116282265927192,-0.12756922356922357
0.2805,0.4363332766655894,0.35965545507567087,0.019774795774795777
0.4092,0.7704663387701036,0.22020431381079494,0.0038137478137478136
0.3244,0.5713644859638791,0.30561044051985115,0.05493409893409894
0.3881,0.6511006886264435,0.2729043090453293,-0.030992394992394996
0.3975,0.8198127217040552,0.19367019788068143,-0.01435800235800236
0.2966,0.5127850993632895,0.3290277460128485,-0.02078984078984079
0.4857,0.7930985064364646,0.21211395445962014,0.058027666027666035
0.2815,0.5599107226026654,0.3117079211706364,0.009624189624189625
0.4192,0.8398587192800664,0.18257007914831844,0.06136626136626137
0.3262,0.6860531668550635,0.2579652993009701,0.06431737631737632
0.4818,0.8344672789068599,0.18856030505754146,0.2303660543660544
0.4233,0.841338570915013,0.18133657616209886,-0.018282030282030282
0.2877,0.34764640601754687,0.3847739495903577,0.04411275211275212
0.3899,0.7480518596115493,0.2316007359632209,0.06337794337794338
0.2751,0.496349319165037,0.3343296353749642,0.0017463137463137465
0.4195,0.8715093742356427,0.16326809578683563,0.0028244788244788247
0.4184,0.46575786290169346,0.34812215187837636,-0.05103926703926704
0.3689,0.7401035386458298,0.23403977030493903,-0.06431750831750832
0.2724,0.45155545081435866,0.34660262342295783,-0.1131829971829972
0.3553,0.6219480602236216,0.28212195561043885,0.09320798120798122
0.3194,0.5585895445079826,0.3108554537240954,-0.015151959151959151
0.407,0.6877927999538382,0.2564330392859141,-0.009106677106677107
0.3953,0.8227819925189752,0.19257793368489853,-0.03137523137523138
0.2024,0.35444665849766954,0.3855254849875404,0.08077869277869279
0.4031,0.7644953787419145,0.22287172041584774,0.1198043518043518
0.4446,0.7212226451391894,0.24252088986147552,0.026321186321186324
0.3573,0.5366861484450991,0.3185126021055993,0.06818339618339618
0.3929,0.8193672343140647,0.19421277636999168,0.022827334827334827
0.4115,0.6827605615402783,0.2582565568177106,0.02306768306768307
0.4081,0.8320726529218074,0.18692689156557454,-0.026773526773526773
0.2493,0.5205178239015267,0.3266036929697436,0.10374288774288776
0.3809,0.6167069376662125,0.2882119834231608,-0.0723074883074883
0.3163,0.6958517785158921,0.2547731838675442,-0.004760884760884761
0.2865,0.5511011679871646,0.3156279178662061,0.06463962463962465
0.3654,0.7224899492849783,0.24192432577965828,-0.01825759825759826
0.4264,0.7772867685764426,0.21601678723607398,-0.07214443214443216
0.4459,0.7776493613326962,0.2170424800520678,0.08820082020082022
0.3948,0.7812787072237104,0.21427302546084923,0.011116103116103117
0.2532,0.24801209214852624,0.41133715808016325,-0.06710843510843512
0.2708,0.4099987526887872,0.36126522830174135,0.062209190209190204
0.2084,0.3822914179860671,0.37708958576978746,0.024819900819900827
0.3511,0.5685740257738829,0.3061071238640537,0.06947692547692548
0.3846,0.7776813706709744,0.21559264136141063,0.008132888132888134
0.4102,0.8435780653996753,0.18217991321503776,0.044505620505620506
0.4286,0.7768340909769138,0.21710773634941813,0.04481734481734482
0.3311,0.5837057468399349,0.3013791174712958,-0.00010052410052410053
0.1963,0.27482151329603866,0.40770163817916805,-0.1731611931611932
0.2523,0.21787381627010682,0.4153099882665765,0.06746196746196746
0.4318,0.635995277782614,0.27840528435323275,0.04231021831021831
0.4031,0.7151900498911394,0.24552849871521437,-0.0032198792198792196
0.3028,0.5444526527032055,0.3198498164327291,-0.023371439371439373
0.2476,0.4190089279902155,0.36043753917780696,0.028050928050928053
0.3909,0.7959507239471262,0.2067767857546606,0.01696868896868897
0.3515,0.6039024291197157,0.29202126807016776,0.04150462150462151
0.4257,0.7636200239282492,0.2241494016627492,0.011386523386523389
0.2994,0.5346620520590715,0.3185134962521031,-0.10984280584280585
0.4263,0.8519338517514112,0.1754335436685842,0.027737835737835736
0.3901,0.7940477903678429,0.2090833321841449,0.023543447543447546
0.3073,0.6999628453036398,0.25283176909594135,0.08283110283110284
0.3597,0.5745638720979853,0.3034135617988742,0.03914640314640315
0.3456,0.6848261799060438,0.2618118523020448,0.04578612978612979
0.4435,0.8828979705196593,0.15609698469122354,0.03133109533109533
0.4238,0.8586117570707941,0.17123270716389175,-0.04910128910128911
0.2872,0.41440398675157875,0.3625002034291437,-0.02851141651141651
0.3961,0.8708067918308848,0.16320558831293747,-0.007365367365367365
0.3375,0.6049561151762476,0.2903196349842931,0.008347388347388348
0.3174,0.4805426729461352,0.34016399605503983,-0.06734866334866335
0.339,0.5427396249616323,0.31536470721317017,0.01465741465741466
0.3965,0.723161251557475,0.24251742684281685,0.06093168093168093
0.2536,0.14485977421366927,0.4380390101773498,0.04818122418122419
0.3556,0.744143732493784,0.23359465192451528,0.024310332310332312
0.2323,0.2666953518349984,0.41618892652094325,0.04473134073134074
0.3348,0.5568851900871508,0.31962754310295294,0.3101315861315862
0.3661,0.5808269030105617,0.30142372128834555,-0.0014042774042774043
0.3556,0.6860255530733951,0.258964774223252,0.08163010563010564
0.2823,0.5689748120456706,0.3067427601590819,-0.018539466539466542
0.3697,0.6285472241938339,0.28296228789196615,0.0808067488067488
0.3159,0.6412096571306325,0.2783437728965975,0.06330614730614732
0.2919,0.4695795652599794,0.34293154237677625,0.052091884091884096
0.3586,0.5979176566942788,0.29721023409423075,0.15042324642324642
0.3815,0.6835713461868631,0.2585858872605053,0.17554995154995157
0.3833,0.8049928779782118,0.20205141240342786,0.02198022998022998
0.2965,0.4563125796503779,0.3506301612676324,0.034020658020658026
0.3142,0.5949720772349065,0.29597992180969185,0.03908564708564709
0.4426,0.7573970671833898,0.22550534185094517,0.005074265074265075
0.3805,0.6994693133101898,0.25270940254150376,-0.028430152430152435
0.43,0.7537560728177374,0.22386832432307308,0.11707179307179309
0.4093,0.8928684786063904,0.14850376190524878,0.01647202047202047
0.4118,0.5251072877401147,0.3235602575302879,0.031736575736575734
0.4463,0.7319880286580791,0.2386640104103087,0.06787542787542789
0.4266,0.8306482507612012,0.18809381812564074,-0.028892872892872894
0.4243,0.8066706461876566,0.20090505126442038,-0.0400916080916081
0.1847,0.2950861977244744,0.4018650324132135,-0.0033943233943233946
0.149,0.18182449370318216,0.4366432214848014,0.006262362262362262
0.4219,0.7982031845598638,0.20486768368229594,0.011256563256563257
0.415,0.7901698811186688,0.20950823163471996,-0.10131031731031732
0.3477,0.7687362135844493,0.22154552474114217,0.06705095505095507
0.4255,0.7519721825205665,0.22910741432324583,0.012955872955872956
0.3862,0.729569681063007,0.23992061638923767,0.006898938898938899
0.4237,0.79968118428974,0.2042863462355889,0.016440640440640444
0.4393,0.8403469588252283,0.181967410932813,-0.017650181650181652
0.3297,0.6734268528785039,0.26409522779863687,0.09227808827808828
0.3679,0.585581460524875,0.3019454382863322,0.07427579027579029
0.4045,0.805924076149418,0.20119875004250032,-0.04116205716205716
0.4032,0.7104732012878675,0.24982889231247538,0.04887942087942088
0.4647,0.7986483448210207,0.2079756687349957,-0.030649494649494652
0.4481,0.8249777367258765,0.19029671275701573,0.1585929145929146
0.3618,0.6490681587877781,0.2742081018488261,1.2360012360012362e-05
0.4133,0.6929909000471552,0.24901402744450615,-0.04812422412422413
0.2958,0.34211016404621225,0.39058620807723704,0.017083709083709084
0.3673,0.6564815523954101,0.272212072318261,-0.009424449424449425
0.4186,0.8656032410543709,0.16655071324572954,0.01566721566721567
0.3083,0.4433084010844627,0.35370731033824426,-0.04715422715422716
0.4175,0.7908628799687296,0.208969608060554,-0.06676169476169477
0.2755,0.43815443916395386,0.3526812460009575,0.15715034515034515
0.415,0.7630875988193602,0.22351324819275845,0.022144018144018143
0.3251,0.502463199134438,0.3314590922419179,-0.13424169824169824
0.4231,0.8296108291375233,0.18845329353805304,0.032245052245052246
0.3274,0.5773450878388482,0.30347101485406536,0.07344639744639744
0.4873,0.7336824390394643,0.23199047078810212,0.09796945396945397
0.3929,0.8597209681262242,0.17041478291158932,-0.024951972951972955
0.3068,0.5960348696041418,0.29607276490035245,0.05417143817143818
0.4402,0.7613679831837641,0.22391033674976635,-0.0929080649080649
0.3407,0.7324771858681356,0.24373979941959434,0.12613475413475414
0.4119,0.860401795554194,0.17077006193798236,0.09196711996711997
0.4265,0.8089417732230119,0.1996074139517048,-0.02630684630684631
0.4283,0.8551700006447419,0.17336686924297234,0.006366822366822368
0.3485,0.6588971716186995,0.27384729070347397,0.06568321768321769
0.2866,0.4237992865500092,0.3585789632536466,0.0851129051129051
0.3974,0.7348482001766211,0.23668261799783005,0.013066789066789068
0.2758,0.35645357128836475,0.3835128672695147,-0.02201919401919402
0.3256,0.4755733931968059,0.334164994195825,0.005565545565545566
0.3952,0.7667098219743884,0.22178409717407516,0.03177568377568378
0.4393,0.7914469277327082,0.20903643774401642,-0.004661680661680662
0.3519,0.6177345433062773,0.2870961967025751,-0.0397971397971398
0.4067,0.7060730055646811,0.249632425400768,0.035894435894435896
0.4491,0.7587068117040109,0.22652499331853115,-0.014937842937842937
0.3326,0.6297213441737559,0.28183703261513937,0.07744740544740544
0.3432,0.6685549242825206,0.26629390468796216,-0.03641952041952042
0.2817,0.4151308426213589,0.36250065365225154,-0.009599685599685602
0.4216,0.8545157965866288,0.1738960527875337,-0.03557763557763558
0.4409,0.8580858310761341,0.1713887906121995,-0.031471507471507475
0.3583,0.5842145889299557,0.29997995612354506,0.0484986964986965
0.3995,0.7149609571912263,0.24563406780045485,-0.029550065550065552
0.4193,0.7893006828097857,0.2106828358809713,-0.10796427596427596
0.4045,0.8530632689025555,0.1746478021990667,0.03715684915684916
0.4132,0.8480129144306912,0.17744345503536393,-0.008343944343944346
0.3673,0.618754956963337,0.28541576486632253,-0.020172632172632175
0.382,0.8102160876492374,0.19923388487297988,0.029622773622773626
0.4983,0.6947911995344285,0.2533084267811162,0.007710595710595711
0.3059,0.46860071930164293,0.34492089264053527,0.029586557586557587
0.3945,0.5966926623391045,0.29407186296474097,0.05376778176778177
0.3041,0.45926544838789896,0.34942091864118846,0.07794185394185393
0.4282,0.8147686050746975,0.196457301398711,-0.04138848538848539
0.4444,0.8344476174234087,0.18529879083008788,-0.032170856170856174
0.2664,0.4078940020102262,0.3660602326460548,0.06008486408486408
0.4604,0.759339240097439,0.22428288933397802,-0.13092827892827893
0.423,0.835122929593654,0.18494752610816997,-0.031142503142503147
0.2528,0.33156931126600764,0.39356445736843854,0.03237609237609238
0.2662,0.4526761482364638,0.3490730333603671,-0.045742413742413744
0.2991,0.4081505735813568,0.3627596669478368,0.052051096051096056
0.3698,0.6907278958547571,0.256938821540154,-0.00802067602067602
0.3361,0.606939562582626,0.2916911160176084,-0.1284985764985765
0.4385,0.7604358102007743,0.22450281635917924,0.050664530664530666
0.185,0.2594510722902484,0.41341818545691106,0.06347639147639149
0.4185,0.7900201450604738,0.20967025250290283,-0.010634398634398634
0.4217,0.7790956260454855,0.2154085396279555,0.03202707202707203
0.3921,0.7804641786910771,0.21673476240450737,0.12087886887886887
0.2883,0.2983661439040396,0.39991775071852537,-0.01040974640974641
0.3772,0.6366540429349804,0.2796005473944092,-0.016921000921000923
0.3847,0.7521538875105385,0.22794524888169562,-0.02382711582711583
0.3917,0.7027796815982015,0.2520398850283383,0.05131633531633532
0.4276,0.6967819473091057,0.25399328939474747,0.014173634173634172
0.2653,0.41872656059980606,0.35874290450976304,-0.021331653331653332
0.4164,0.8251857252622635,0.1905601281792808,0.037937797937797946
0.3354,0.7133642330929427,0.24761649132686056,0.057657453657453665
0.3903,0.6795262355814197,0.2607288214422891,0.006157434157434158
0.3682,0.6385792705837822,0.2782920240679768,0.10596382596382596
0.4228,0.8674498996355575,0.16566792527345756,0.05844225444225445
0.217,0.37506746050737233,0.3764021888207841,-0.014413922413922415
0.4287,0.801458735275738,0.20310281733148441,0.04214231414231415
0.4385,0.8718928344847312,0.16434453848145203,-0.003871023871023871
0.257,0.4244940886061902,0.35992234064324086,-0.11381005781005782
0.2589,0.4464091699749856,0.35180100510104,-0.01916920316920317
0.4502,0.7939687864732636,0.207485673249483,0.06323513123513123
0.3973,0.6194737107958486,0.28541210085032204,-0.0882879882879883
0.442,0.8608943822945782,0.16956251550217172,0.06740860340860341
0.4495,0.8124335353736215,0.19688475257200175,-0.031647307647307645
0.4072,0.6556825088921397,0.2712116939118272,0.02198754998754999
0.3474,0.5711482142957469,0.3052126379454261,-0.13224387624387623
0.3582,0.4597628986252614,0.3450989740135481,0.04975947775947776
0.3769,0.7246210760094167,0.24164433455690892,0.08551861351861353
0.4084,0.7618373219344362,0.22364885701724985,-0.006375822375822376
0.4151,0.847751467234875,0.17773229653194358,-0.011055959055959056
0.2535,0.37731010711275736,0.3792321437557109,0.054099558099558104
0.3491,0.7183570225591747,0.24354312015687601,-0.057013341013341025
0.3282,0.5599327825468325,0.31154376815370993,-0.03897759897759898
0.4167,0.7592745013391293,0.22393033969761897,-0.12263118263118264
0.4382,0.8410214499811348,0.1814984719667635,0.06527078927078928
0.4174,0.7688351922583834,0.22085993517593575,0.008915996915996916
0.3626,0.7634532469464153,0.22312368097890045,0.0037172797172797174
0.4655,0.7866124785456823,0.21134941186639994,0.050429150429150436
0.2102,0.29307636924786223,0.40137527409916574,0.12916844116844117
0.3771,0.5925189475011328,0.297568460214862,-0.03600763200763201
0.3658,0.8155425501060249,0.1960540093491072,0.01996859596859597
0.4047,0.8551605712262571,0.1734537903609155,0.023926991926991926
0.3609,0.697782513152306,0.2539792047034506,0.019201195201195204
0.2547,0.5272373047910786,0.3224542887387199,0.05277815277815278
0.3001,0.3459098724383444,0.3867764814295655,0.03337373737373738
0.3809,0.5762042307755882,0.3034882710126389,-0.12345913545913546
0.4067,0.7106850367713309,0.24800612474510697,-0.029906885906885908
0.433,0.8076752622462993,0.19882284350011672,0.12215546615546616
0.4246,0.8562042319254897,0.17274368707120047,0.014815538815538815
0.2665,0.353837612355909,0.382977462168528,-0.059637743637743636
0.2668,0.30822248630099514,0.40055064749424235,0.02030668430668431
0.4141,0.8337745221769655,0.18577632090919505,0.013761469761469764
0.3748,0.5453864444764709,0.31560760794659926,-0.0623838023838024
0.3489,0.5652649734226456,0.3101979217048823,0.09174388374388374
0.45,0.7947664942666368,0.20750217911591268,-0.04344739944739945
0.3507,0.7157657544083234,0.24270989105526872,0.011366843366843368
0.28,0.44365057436553335,0.3517060229088892,-0.09826100626100627
0.4069,0.7545925708713821,0.22780839777306472,0.03280068880068881
0.3852,0.7028871467361335,0.2507967973536101,0.00496921696921697
0.4174,0.7775840679205592,0.2162525237273749,-0.005484389484389484
0.3143,0.48088332993776417,0.3382098679486093,0.04458830058830059
0.3977,0.7646573806992676,0.22248668646259165,0.0030651390651390653
0.418,0.8707685394566824,0.1634098257574743,0.010898182898182899
0.3442,0.7186750343091455,0.2455725193105428,0.03105831105831106
0.4182,0.8443041199444368,0.1797350628057628,0.0003544923544923545
0.2207,0.37133036474922837,0.37715139672075626,-0.008006456006456008
0.4255,0.8003361271526437,0.20394902610260765,0.01094087894087894
0.357,0.7298391669384354,0.23879985208194418,0.033789153789153786
0.3222,0.6130934415345675,0.28892409914680545,-0.04162924162924163
0.3017,0.5674400964016272,0.3091845078763915,0.07347104547104548
0.3167,0.5260618669466938,0.32338546684231034,0.01435004635004635
0.4108,0.8407893197635223,0.18182250875247205,-0.023443823443823446
0.3314,0.5073299774522995,0.32891722271331353,0.062227598227598234
0.3294,0.6524239629005504,0.2731732406267431,0.06948590148590149
0.3569,0.6671308343539868,0.26675677043535534,-0.025850569850569854
0.3741,0.36990275839707365,0.39577193059937427,-0.2798654438654439
0.3389,0.6760270038310414,0.2630865295106536,-0.10440664440664442
0.2433,0.34650480974635667,0.3899158461542628,-0.03660693660693661
0.4464,0.8124558398690938,0.19689847726663096,0.11936407136407137
0.3439,0.6688931145461197,0.26635800209929,0.04557527757527758
0.2454,0.3088433134092667,0.39359501643646555,-0.15523954723954725
0.4302,0.8241440468685957,0.19140070926206734,0.14200100200100202
0.4039,0.7223693513027452,0.24291989324504012,-0.06436583236583236
0.4433,0.839118164348132,0.18333883562720302,0.002622026622026622
0.4384,0.8435327796242316,0.18002471744611917,0.011454599454599456
0.4686,0.7931891938392266,0.2094481564385006,0.030943782943782947
0.4363,0.8368462320430348,0.18391347067350666,0.013432789432789433
0.3748,0.5508099961007148,0.31351975316735275,0.002201666201666202
0.3267,0.5380337813065231,0.31656116800838185,-0.13491547491547493
0.4067,0.6406502902260697,0.2785168862210102,-0.04402668802668803
0.3332,0.5859976169412634,0.29795402066857235,-0.026034086034086037
0.2969,0.5657609041165843,0.30760301151749797,-0.05194592794592794
0.4128,0.8400782659292656,0.18242283948524196,-0.039664491664491666
0.1963,0.25500040685873127,0.41344583848227007,-0.01311019311019311
0.4407,0.8510355440454282,0.17567429610072433,0.03404744204744205
0.2543,0.40170292379691025,0.3626814497321528,0.16763353163353165
0.3748,0.7725628241192288,0.21854699311785084,0.03292611292611293
0.3261,0.6966787222203243,0.25567726448698136,-0.011154875154875154
0.2952,0.39507973761543025,0.36896153685149935,0.02357001557001557
0.4998,0.6555663604088657,0.2692294351459587,-0.09598045198045199
0.4298,0.8788871611458137,0.15788559368670174,0.10810941610941611
0.3914,0.5646726139169927,0.30833698370976764,-0.08872534072534073
0.3954,0.6450456300840355,0.2763801688745327,0.0623945543945544
0.4282,0.8545129516508272,0.17346158619075353,0.030842730842730842
0.2068,0.33718012146987586,0.3929072000753717,0.016811776811776813
0.3691,0.6581355488246138,0.27078152125542915,-0.026133446133446137
0.4045,0.8438826811165416,0.18005183263564056,0.059800175800175805
0.3504,0.5696634841688673,0.30689764083537935,0.10601475401475402
0.3749,0.7230181020845681,0.24194455938907913,-0.026542982542982544
0.2726,0.39361579865380464,0.36854122885428586,0.0886001446001446
0.2963,0.6133458352559231,0.2905207899463642,-0.09323213723213725
0.3991,0.7593503799620512,0.2257158306910015,0.08955954555954557
0.2933,0.2879975088744802,0.4023577402058034,-0.01451721851721852
0.2646,0.3778182080172563,0.3704538714196704,0.11632586032586033
0.4296,0.8815789740096978,0.15628205906017203,-0.026959586959586963
0.2561,0.4023140847536667,0.3717006964775948,0.021018273018273016
0.3955,0.6477722421296817,0.2735803713164293,-0.09496424296424298
0.3459,0.6243527071705515,0.2844413251251561,-0.084989916989917
0.4362,0.742831223421677,0.2354112951210595,0.011152427152427152
0.1911,0.22179385393464224,0.43005964887314085,-0.037345009345009346
0.3671,0.715997410886994,0.24527025633069277,-0.046077490077490076
0.46,0.7786293180870871,0.21680961042940727,0.037392673392673395
0.3888,0.8141872658363657,0.19694696374644727,0.034810834810834815
0.2036,0.3632377195834709,0.38070327780692764,0.02822693222693223
0.2838,0.41382525942359993,0.3648771063955684,-0.0633848793848794
0.3523,0.7081619402492589,0.24942343446737805,-0.02072069672069672
0.2964,0.389756762447788,0.37483369468372496,-0.016002340002340004
0.2801,0.4887160003827526,0.3364848115332807,0.15952829152829154
0.3986,0.79595829919049,0.20694123200424666,0.029295449295449298
0.3842,0.8069144052429388,0.20049214142260732,0.020222708222708222
0.2623,0.4850319437841475,0.33725499180407886,-0.07039167439167439
0.2915,0.4554110347058077,0.3492011805741688,0.005104109104109104
0.3924,0.8101000580502382,0.19980189493450565,0.06523098523098524
0.4005,0.7104347914674563,0.24688142928167406,-0.020092208092208096
0.3949,0.7201595481413652,0.24319705861339885,0.003773403773403774
0.3987,0.6586090919144648,0.26970687136487803,-0.0026478026478026478
0.4378,0.7494111688643054,0.23076766314109318,-0.023674967674967677
0.4095,0.8200522732128719,0.19400455820422047,0.08078279678279679
0.4351,0.8837558273375784,0.15481271897865612,0.09660872460872462
0.427,0.7185852197526965,0.24374571825709318,0.024132240132240135
0.4171,0.8469487495484579,0.17790004844337373,0.04877239277239278
0.4466,0.7868843700193794,0.20775562262361938,0.11585316785316786
0.4358,0.8157042930715512,0.19578726713453973,0.02732666732666733
0.422,0.7869811607999566,0.2114279561318491,-0.06657583857583857
0.209,0.2693039214033804,0.4114092440271167,-0.03471401871401872
0.3506,0.5521645675109361,0.31144150754537364,0.079997455997456
0.2604,0.43927250257028183,0.35504507041287603,-0.016897804897804902
0.3972,0.5684285334231732,0.301299546811054,0.009402861402861404
0.2932,0.3597267634411584,0.3824415315088131,0.04121117321117321
0.3346,0.433018672042373,0.35596540360851353,-0.006672366672366673
0.2912,0.5105328405280409,0.32963515672588584,-0.07925692325692327
0.3872,0.8146626241102385,0.19643806867105662,-0.007800691800691802
0.2282,0.361038419513585,0.38235093262792913,0.020013536013536018
0.4351,0.6767209980952114,0.2581184807468769,-0.0006587886587886588
0.2908,0.3958515521793744,0.3686218675858666,-0.008201240201240202
0.4055,0.7509808942492257,0.22856738671591378,0.008071892071892071
0.4421,0.671151205189809,0.26453799692879365,-0.05035814635814636
0.3812,0.5286997968759708,0.31678866663797833,0.04352860352860353
0.3899,0.726814080385533,0.23153761855411018,0.007775155775155776
0.3673,0.731176491257786,0.23858629895341238,-0.016075576075576074
0.3416,0.5160348367360059,0.31922583398213294,0.030584190584190582
0.2573,0.5364764362391012,0.3198118280841648,-0.00690967890967891
0.3877,0.5008370128798578,0.3244107105251699,0.017651969651969652
0.2255,0.29776891702041314,0.40228694054790853,-0.0706045426045426
0.4123,0.6772337876539891,0.26152569829471606,-0.10316701916701919
0.2787,0.4312843907847065,0.3564713373569396,0.019935307935307938
0.4088,0.7264769027843907,0.2393586354743051,-0.10993356193356194
0.3956,0.5200615073366561,0.32087703456404304,0.08700596700596702
0.3544,0.6616119014096875,0.26999727871040435,0.026061410061410065
0.3106,0.5764479979565835,0.3034163395524195,0.0063257223257223265
0.3641,0.7056425226631822,0.25187228573376574,-0.002887082887082887
0.2935,0.5560667144617449,0.3150653533602759,-0.03710769710769711
0.3193,0.577350961628371,0.30394301567477966,0.05806054606054606
0.4328,0.8821553573940377,0.15623368995316217,0.08246234246234246
0.3658,0.5864214591431958,0.30251862034094634,0.13534121134121135
0.3809,0.6241867346632182,0.283404688586703,0.10805497205497207
0.2917,0.6605610991004672,0.2693546931582293,-0.004397308397308397
0.4432,0.8880870577125639,0.15185059893567043,0.016103104103104105
0.3679,0.7224601100959173,0.24425852037638737,0.027573591573591575
0.3797,0.8763732758137378,0.15974552310378715,-0.08387884787884788
0.2907,0.46355940003577273,0.34213433141294397,0.1321954561954562
0.2157,0.46217834024977733,0.34099418090725986,0.006945390945390946
0.3901,0.6844609797987851,0.24065381109108938,-0.010427590427590429
0.2285,0.2646906765433054,0.40977605234010483,0.14364857964857966
0.4013,0.8312785123336947,0.18698278251132397,0.016121872121872122
0.4308,0.8716862223199593,0.16258964756115066,0.005837141837141837
0.2668,0.5330406378658141,0.3204429110108479,0.0180983100983101
0.4137,0.873563306934799,0.16152472999235512,0.030384714384714386
0.4252,0.7380308714533889,0.23603593955482663,0.03193897993897994
0.2108,0.31194984968934547,0.3961759159001689,-0.04395468795468796
0.4093,0.7023207776728817,0.25035838214475586,-0.011449739449739451
0.4613,0.7891925337120074,0.2081209907102533,0.16933473733473736
0.3094,0.41992604297949054,0.35922818813437046,0.02271964671964672
0.1906,0.06947009302325591,0.46658280338725744,-0.01631269631269631
0.4513,0.741390308153516,0.23324408834253232,-0.031233451233451236
0.4604,0.7766892410032283,0.2054648280751307,0.251002859002859
0.4064,0.7822362455582068,0.21561834760175203,-0.044137856137856146
0.2736,0.44943172047999713,0.3494801079522969,-0.012022020022020023
0.2385,0.4764818711865456,0.34185750610849064,-0.018873030873030872
0.4039,0.7912053417365382,0.20914966007243352,-0.04293983493983494
0.4026,0.8731933557317939,0.16152288205533763,0.06459052059052059
0.4137,0.7482392802804193,0.22819983550843773,0.02374763974763975
0.3639,0.6186999390433731,0.28439341694135173,0.05440962640962641
0.3986,0.7234818224920208,0.24808955524616347,0.05139710739710741
0.2275,0.44285770925520695,0.35328653880712785,0.06048532848532849
0.4077,0.8167283793641266,0.19505711012842536,0.03395420195420196
0.3822,0.6651202985223563,0.26715369922058163,0.049309165309165306
0.3539,0.555149370772655,0.3113428378274017,0.023519099519099522
0.4105,0.6920053863506095,0.2569286272215911,-0.0020409740409740415
0.2841,0.5086458266750746,0.3298315393319871,0.0755986955986956
0.3714,0.5226589413538207,0.3228014444894167,-0.10620861420861423
0.4264,0.8162198124658592,0.19076975028622814,0.07861699861699863
0.3586,0.5696477059858505,0.3063901083829645,-0.006413190413190414
0.4223,0.5890213093776016,0.2972678380282273,-0.11472551472551473
0.3982,0.7924379607466818,0.21003028838986507,-0.02560400560400561
0.4496,0.7620810628786346,0.22352138447613137,-0.04340613140613141
0.42,0.7885144130331958,0.21088810479186268,0.057306369306369315
0.4029,0.7633967220493634,0.22356395968091805,0.17389555789555788
0.4031,0.8336458617420738,0.1858592250539864,0.022994734994734995
0.396,0.5332231097647583,0.31853745918904786,-0.15255032055032056
0.4263,0.8587556993198581,0.1711654519569062,0.001152985152985153
0.4085,0.5836194996463552,0.2976057499653516,-0.15117313917313918
0.4231,0.8092890834044942,0.1993705490279067,-0.00998984198984199
0.343,0.5739414050430034,0.3037976222853986,-0.02618953418953419
0.3385,0.606897958999871,0.2937868126864529,0.10552220152220151
0.4323,0.8435852742306982,0.1800724460796729,-0.06469548469548471
0.4051,0.8553987193513166,0.17355466094217947,-0.021300789300789304
0.2764,0.4299067880633972,0.35652922259553155,0.004690456690456691
0.3472,0.684099108444244,0.259199749793342,-0.009089409089409091
0.2191,0.38714610748974876,0.3720013279278697,0.04535579735579736
0.3053,0.5175633172915174,0.3252375538993222,0.12387963987963989
0.418,0.876482107228972,0.1598802527507153,0.061088065088065094
0.2678,0.3889849872305611,0.3636625396583483,-0.007543735543735544
0.4555,0.820184151294601,0.19355139200371327,-0.037130269130269136
0.4155,0.8557707969390034,0.17376376583520015,-0.07091643491643493
0.3863,0.7252538736379279,0.24167615458280223,-0.007865011865011866
0.3832,0.74294911702663,0.23297520921927953,-0.005771225771225772
0.2308,0.46629178469620136,0.34843981978652705,0.04941290541290542
0.3018,0.6288126434920331,0.2845805423096247,-0.026557070557070562
0.3309,0.6217234736963777,0.28772259871717526,-0.06732015132015132
0.4407,0.8697659455105584,0.16465933470388108,0.08852369252369253
0.3886,0.8205873297399064,0.19515873226263203,-0.005634701634701635
0.2041,0.2870281454602087,0.40787232623061087,0.01185052785052785
0.3366,0.4185381724050411,0.3585207516805289,-0.0726056406056406
0.3872,0.7939221432514195,0.20814641295460415,-0.04394867594867596
0.4275,0.8512211629614401,0.17575611133402985,0.03231402831402832
0.3981,0.8744673081540392,0.16127377326648815,-0.00113010113010113
0.4082,0.7801515349071365,0.2148717471798944,0.06130712530712531
0.4347,0.7335016055974305,0.238443406788474,0.08987636987636988
0.354,0.7278283058096764,0.2428049930864293,0.01591898791898792
0.4146,0.69209255788777,0.2533852518701329,0.014337326337326338
0.2926,0.30006969127908323,0.40201982794662994,-0.038883002883002886
0.2739,0.4212067583825988,0.36221617940574524,0.023506055506055508
0.428,0.8395930994171249,0.18231504289042344,-0.03312467712467713
0.2879,0.4730993403552375,0.3416906554519027,0.1320898920898921
0.3713,0.7959897812149664,0.20715799569510818,-0.04842271242271243
0.3284,0.2657520480935901,0.4111448370968935,-0.1321097401097401
0.4437,0.8338721129992412,0.18566058026729806,-0.08860626460626463
0.2894,0.5081165510767065,0.32989889125727195,0.004871512871512872
0.443,0.8479323577104498,0.1775247357087042,-0.05857448257448258
0.4162,0.8705667140814897,0.16468819261686032,0.07148584748584749
0.4309,0.8435291667287396,0.18002511032078242,0.0642962082962083
0.433,0.829289970226851,0.18837312940419165,0.025389049389049394
0.3431,0.5675030543170119,0.3049860408564399,0.006702486702486703
0.4219,0.7341603056793142,0.23724689173680102,-0.019504963504963505
0.3911,0.7337220809342468,0.23723418498800763,-0.08691823491823493
0.3854,0.6087309910582246,0.2792070957285757,0.37658192858192857
0.4053,0.8061752630318355,0.2012070171408018,-0.09386049386049386
0.3139,0.516416889019979,0.325586212811138,-0.05821432621432622
0.3803,0.617258103824324,0.28567622807462795,0.010358710358710358
0.3753,0.856658183088907,0.17272034363921013,0.035782775782775784
0.4591,0.7608207386560542,0.22116396298812513,0.01377812577812578
0.298,0.28903184094913836,0.40363308451065183,0.0447944967944968
0.3081,0.47193651258932345,0.34458526754564983,0.08251346251346252
0.3603,0.6355637839716819,0.27914702157599997,-0.025135129135129136
0.3474,0.6091878860439317,0.2919613833624568,-0.010137286137286138
0.3025,0.4962703379134913,0.3323356000565541,0.04698080298080298
0.411,0.8230507020098465,0.1911122725109021,0.09355784155784155
0.3866,0.7419817246908835,0.23294261660888685,-0.00806878406878407
0.3853,0.5583452281129954,0.3058645461048775,-0.17983517983517985
0.24,0.28940220773598613,0.40748265062984557,-0.09536241536241537
0.4049,0.6593844416909707,0.2649351891433383,-0.010425970425970425
0.2987,0.58828427765992,0.30083661223098107,0.052016452016452025
0.2897,0.43056436816092303,0.3533056272756133,0.07237380037380038
0.4381,0.8459517350427226,0.17855208512197152,0.01740822540822541
0.2784,0.5428915264327587,0.31594495669472644,0.06022924822924823
0.3985,0.8180947092212225,0.1947761618520611,-0.021187689187689186
0.2689,0.5469994626397365,0.31558776761136104,0.09601252801252802
0.3088,0.582199685752369,0.3010030475417144,-0.0495918375918376
0.3971,0.8189806732155013,0.19486528653669258,0.0031298431298431304
0.3925,0.6889307780515689,0.2578377535904377,-0.032335592335592335
0.4072,0.7578872469830729,0.22528037515874552,0.0013784413784413787
0.4002,0.7001837367636103,0.25111779369216347,-0.0936900576900577
0.4105,0.8183091103286856,0.19440414860177055,-0.04102786102786103
0.332,0.3997199086210397,0.3669241170230036,-0.011714399714399715
0.4172,0.8105677827466621,0.1986195356106274,-0.03743799743799744
0.2916,0.29899375890661833,0.39705751265287953,-0.07517810717810718
0.3835,0.5240140459752327,0.3234987206323742,-0.03152872352872353
0.4076,0.7391204077531297,0.2358675011982398,0.13773512973512975
0.426,0.7659289272966177,0.22116649964157983,0.02006883206883207
0.2682,0.49114492675795285,0.3416186719038856,-0.002697458697458698
0.4082,0.8218011846631486,0.19391575121733284,0.006583938583938585
0.4425,0.8037061378060801,0.20261108496561175,0.07486178686178686
0.2088,0.3023873724297258,0.4004439046975538,-0.00814881214881215
0.3906,0.616124484978702,0.286920955894662,-0.08466615666615666
0.2965,0.5869322302304036,0.3022737968906749,0.030636810636810636
0.2638,0.6339845061477356,0.28239963921604944,0.03184014784014784
0.2705,0.48716436521519835,0.33906093354805267,-0.003641955641955643
0.1824,0.34114081512193417,0.390013109558368,-0.005926445926445927
0.4103,0.8250816360636543,0.1923078821111461,-0.02626736626736627
0.2998,0.3392173479714402,0.36478961610440425,0.16173684573684574
0.2202,0.3646028515725197,0.37803544586575694,-0.06268777468777469
0.2893,0.48202969483215985,0.337707439368853,0.09863174663174663
0.3703,0.6951878612423429,0.2563136509232134,-0.021913833913833915
0.3417,0.44414651387199927,0.35033791362305233,0.06030943230943231
0.4416,0.8535309610452174,0.17396135008511548,0.04069231669231669
0.2069,0.28590508525020875,0.40673339233988054,0.0297958017958018
0.4465,0.7318510420528852,0.2252032980937076,0.041662085662085666
0.4119,0.8155255242451569,0.19569955661513747,-0.005017541017541018
0.4548,0.8379456005440357,0.18325199931770172,-0.11971195171195172
0.2637,0.4218411572320162,0.3542032578597736,0.011040755040755041
0.4222,0.8448374844994825,0.1793046292619366,-0.1078931278931279
0.315,0.534025825447939,0.3185340811157444,0.06523571323571324
0.4183,0.7792286471714577,0.21544396928968865,0.01597694797694798
0.3858,0.7536737342699681,0.227168982641592,0.06068863268863269
0.2326,0.4548445892184714,0.34738837580145804,0.12337189537189538
0.4165,0.7936144711762378,0.2093017054772495,-0.01875067875067875
0.3579,0.5656550078736123,0.30825914330571863,-0.13315162915162915
0.4286,0.7652187448348811,0.22350494127466117,0.0018213138213138214
0.4235,0.7777286181462797,0.21632033686626667,0.055066375066375066
0.4214,0.8399728953902474,0.1821551046835148,-0.018982086982086983
0.4774,0.8237722461115999,0.18975628368665157,0.17399654999655004
0.4091,0.8456412705179603,0.1792311193137372,0.09063880263880265
0.347,0.6921900152046929,0.25576827365535443,-0.019834903834903835
0.3961,0.6136910335855964,0.2902952171043579,0.003834963834963835
0.3883,0.8041522103052927,0.20227256631399612,-0.03857780657780658
0.3528,0.710286356337908,0.24823967181731557,-0.026876774876774878
0.3064,0.6188828890149538,0.28686159517203064,0.015912567912567913
0.3503,0.6726742247538106,0.26546012747689557,-0.007027711027711027
0.2922,0.5392485287615733,0.3193854418159163,0.03590847590847591
0.2852,0.5198363373514756,0.3250481049746131,0.0005910965910965911
0.3723,0.7155958845762935,0.2459965210463495,0.0012694332694332695
0.4334,0.8262205542226024,0.19011084030836872,-0.03483706683706684
0.3463,0.6161842596900842,0.28777771334819746,-0.05087389487389488
0.3967,0.7655422220620245,0.22325305533117668,0.07733081333081333
0.2561,0.42710692555387825,0.3580686396108446,0.029188985188985186
0.338,0.651453759340442,0.2732562008882424,0.03063832263832264
0.4224,0.8458768425816567,0.1789736789038409,-0.05275650475650476
0.3328,0.5102179889659709,0.33359088429917716,-0.11560635160635162
0.3007,0.5839567297142123,0.30047900704521613,0.06732228732228733
0.3951,0.7947849050244338,0.2072953242524386,0.02852501252501253
0.2767,0.39093081766121335,0.37115464721083213,-0.09700993300993302
0.4123,0.7981367430585538,0.2056054148424182,-0.004706416706416707
0.4231,0.7944967061114784,0.208770008922069,-0.006467946467946468
0.4195,0.8331727169209945,0.18679018869464645,-0.013196509196509198
0.3832,0.76053197972505,0.2245308801873258,-0.1350733470733471
0.3175,0.6133112709396871,0.2893275365055672,-0.048120240120240125
0.4335,0.7161733237613638,0.242500865155283,-0.12175542175542176
0.4068,0.8292986406307259,0.18827357014529975,0.06369800769800771
0.3879,0.7750159406699672,0.21662158753014876,-0.025272601272601274
0.322,0.5724126731482886,0.30794998714310656,-0.024712824712824717
0.2383,0.3574867325364015,0.3841438198128209,-0.015618327618327618
0.367,0.6698989998105243,0.2659200662833033,-0.016791892791892794
0.4157,0.8716496779612368,0.16501545070428203,0.04494616494616494
0.4237,0.7520077794522344,0.2281490795297423,-0.016334296334296335
0.2207,0.21443804547718903,0.429104481310561,-0.01821898221898222
0.3725,0.6391610601177232,0.27841392345972754,0.06981960981960983
,0.5807524660296101,,
0.2693,0.42568506372164094,0.3575804463764904,0.004405336405336406
0.4209,0.8674833334671416,0.1652797964936933,-0.032931416931416935
0.4358,0.8568625729031409,0.17242952279422846,0.08558473358473359
0.3948,0.8349156878855906,0.18587275584686222,0.07262461262461264
0.435,0.8438292740122176,0.1813767796687761,0.08606319806319808
0.2552,0.3645212863653159,0.38070356790677895,-0.012639864639864641
0.396,0.6282850375197536,0.28116571098329485,0.03406847806847807
0.3916,0.6997128506359405,0.25232477904851736,0.03970675570675571
0.3795,0.7319241586269348,0.23818497898088803,0.06054639654639655
0.4243,0.7120663361156013,0.24729738902041618,-0.015300459300459302
0.4078,0.6564849155696953,0.27098614468635734,0.03404563004563005
0.4514,0.7610881528959053,0.22339662372777497,-0.007238395238395239
0.4336,0.8319328563215155,0.18684938878084473,-0.07625645225645226
0.2719,0.5194601168086983,0.3250410796491033,-0.001597849597849598
0.2267,0.3942631845732698,0.36864116991967766,0.1623813183813184
0.3217,0.555593206271685,0.31168789811016734,0.11021858621858621
0.4372,0.7011083086400914,0.252395676735522,0.007263835263835263
0.4118,0.8527582224199111,0.17448526366609454,-0.06760449160449161
0.4246,0.8586219783218991,0.17164753633022278,0.04048643248643249
0.3708,0.6195956216395727,0.28564737177983796,0.009812097812097813
0.3789,0.7643617800801288,0.22260722067985045,0.016984564984564986
0.4289,0.8515949787145166,0.1760571298991737,0.006527250527250528
0.4126,0.8341321388259222,0.18602571023254752,-0.09472003072003074
0.3551,0.7214277740477666,0.2427384011585765,0.030495018495018494
0.3894,0.6614237205470196,0.2692957173619185,-0.0027561507561507563
0.3919,0.6515919554000333,0.2731900163889741,-0.061264969264969264
0.2803,0.5887113199042009,0.29891261303339356,-0.001378909378909379
0.3314,0.569374240746225,0.3056566720181867,-0.050575226575226576
0.4148,0.8834858486002618,0.1549587010812518,0.0535019575019575
0.3056,0.4096471945206471,0.35818482261161627,-0.006472842472842474
0.4343,0.7774857626014895,0.21642371611507352,-0.02925712125712126
0.337,0.6952020265298162,0.2574348770833666,-0.09540686340686341
0.4319,0.7086966954929073,0.2464973367890993,-0.15521044721044724
0.3942,0.7535700155307622,0.22753856159946106,0.03497333897333898
0.4454,0.8272697142575878,0.1897189339697834,0.0683125283125283
0.4076,0.8051194884699906,0.20162672233725737,0.04056865656865657
0.4186,0.7871033499889336,0.2111671247880851,0.0934837654837655
0.3755,0.7074494081795735,0.24946252066386654,-0.020492012492012494
0.2199,0.4116688370402059,0.36357577453218254,-0.0674945714945715
0.4451,0.7455087881937783,0.2316915008127106,0.12376461976461978
0.3326,0.5688413788513779,0.304078747492909,-0.05948307548307548
0.4181,0.8107879184341573,0.1989212002083166,0.13708086508086512
0.2237,0.32884800150599724,0.3945574531541355,-0.008534348534348535
0.3889,0.7539817237200909,0.228284054279322,-0.0782913662913663
0.3768,0.7391246264989394,0.2354552987787659,0.01078922278922279
0.3714,0.7279999911779582,0.24042312255435375,0.052766344766344765
0.3896,0.7220153576713112,0.24213486875665652,0.03374302574302574
0.3646,0.5021501673379574,0.32893918731937544,0.035214383214383214
0.4397,0.8594282408096421,0.17044858893084938,0.16613462213462213
0.4195,0.8582711310780867,0.17131066116773325,0.021672825672825673
0.4208,0.8340626576972333,0.18582061973300038,0.09416354216354217
0.4135,0.7808369385735252,0.21341665102124263,0.05852360252360252
0.4,0.6503875940015145,0.274101158444983,0.0572943212943213
0.3099,0.4471704913157723,0.3479569581187091,0.01172977172977173
0.277,0.32023287133371825,0.39586645662251757,-0.03674468474468475
0.4319,0.7624060255613938,0.22412109775971928,0.05854889854889855
0.3398,0.5568867903375133,0.3112347463274205,0.030703098703098706
0.374,0.677584538210127,0.26215160602714127,-0.14546179346179347
0.4379,0.7781491530001696,0.21534266323540174,0.018691278691278693
0.2156,0.4037179325561363,0.36747200346141823,0.10546383346383346
0.3537,0.6955670650554955,0.25452954722319604,-0.01464947064947065
0.2249,0.10619953006781249,0.45683330531634064,-0.08195688995688996
0.4243,0.8050141536529668,0.20115623394115162,-0.10234319434319435
0.3341,0.6383495992719518,0.2798680569714312,0.010480198480198483
0.4194,0.7924416946450814,0.20771223057453367,0.03467437067437067
0.3884,0.8330866715471,0.18759624255431512,-0.028170220170220174
0.3769,0.5938476580918629,0.29638401402884273,-0.013253305253305255
0.3652,0.6821398052394746,0.2617203754095858,-0.03142439542439543
0.2455,0.45949044690349516,0.34698470600677705,-0.009022017022017022
0.2915,0.515751651340106,0.3261053787859511,0.047499971499971504
0.4264,0.842244562761028,0.18107604260611967,0.005839025839025839
0.2699,0.416813424904953,0.3632220254780452,0.021954069954069955
0.3041,0.658782341937271,0.27005945075700105,0.04475943275943276
0.3498,0.5579972006612244,0.31435574545590805,0.08681016281016282
0.4153,0.7583304846617409,0.22590732937106606,-0.004385656385656385
0.4508,0.8067469761447815,0.20048273141035935,-0.04904782904782905
0.2505,0.33142945360574594,0.39629338429775607,-0.09690856890856892
0.4236,0.8416320976067291,0.18143155011513307,0.022874194874194877
0.4045,0.6932818342267053,0.255801207599989,-0.09272817272817274
0.265,0.30829169154416697,0.3994635020160004,-0.09029379029379031
0.3082,0.48498057579275766,0.3406006475929188,0.015589383589383589
0.4161,0.7036265438802797,0.25026420490785917,0.0018063498063498064
0.3575,0.6601316042027745,0.27022222612841595,0.010650058650058651
0.1891,0.351661898686475,0.3854318412544363,0.03904047904047905
0.3945,0.7658209613766065,0.22181102832746577,0.04750321150321151
0.3237,0.5202704168758356,0.32465111745691155,-0.0537878337878338
0.3508,0.6763634752932867,0.2631224759325368,0.00968175368175368
0.388,0.6436346932512395,0.2766164105172951,0.06566767766767767
0.4635,0.793161389102289,0.20846749112147062,-0.02711465111465112
0.4299,0.6420632278188116,0.2619131244544382,-0.022156138156138157
0.4476,0.7795429928251474,0.2167140189970638,-0.004823668823668824
0.3058,0.548139127135056,0.3128632446658748,0.006226986226986228
0.3751,0.7050512381043498,0.2495632810115603,-0.023321171321171324
0.2342,0.15384878345174519,0.4440670638238586,-0.04767981567981568
0.4059,0.7774437035060783,0.2148705572319247,0.07218974418974419
0.2138,0.3309118556781378,0.39248812789064946,-0.07673983673983674
0.2157,0.31613494612701104,0.3993849999679597,0.1211847491847492
0.3912,0.7752803888495776,0.21844858433122163,0.06842051642051643
0.3136,0.5826263475825464,0.30067162878134207,-0.026524118524118526
0.414,0.8064005904462073,0.20323669189923924,0.04858555258555259
0.3322,0.6278762962534901,0.2829781337808543,0.09240639240639242
0.365,0.5900954842475207,0.29674279329750436,-0.034095490095490094
0.3539,0.6589084836560882,0.2714187464483737,0.02608869808869809
0.4183,0.7203792126647433,0.24321642297871945,-0.009661677661677663
0.421,0.840530114940116,0.18212631844089533,0.020640284640284643
0.3362,0.447908439444769,0.3448081081848165,0.07237099237099237
0.4125,0.7540082240270904,0.23060679543956736,0.07497312297312299
0.4582,0.8436359194975154,0.17876296813479314,0.16924354924354926
0.38,0.6759250239425734,0.2628817402817495,-0.005079029079029079
0.2495,0.5803691539030253,0.30216552229297283,0.0694889614889615
0.413,0.80482573220955,0.2030552513461751,-0.06592349392349393
0.4397,0.8322730321617631,0.18504980832481233,0.060618060618060625
0.4307,0.8892607845800615,0.15127263040542197,0.041178857178857185
0.3614,0.7533130992075731,0.22809458265336174,0.04872399672399673
0.424,0.7992675916026851,0.2054780931276235,0.029574929574929573
0.4004,0.8449286602575807,0.17926222043038967,0.12311409911409912
0.4241,0.7922190947967607,0.21014356334596485,0.06467940467940468
0.4422,0.8453946997797492,0.179204910206212,0.004018408018408018
0.4217,0.8047797544877338,0.20360025239088564,0.033357153357153356
0.3778,0.6026723970494472,0.2865519930044224,0.06764154764154764
0.4461,0.7379216907478661,0.2346796819447089,-0.046288402288402294
0.2764,0.5022897406148134,0.33364549720957415,0.051310035310035314
0.3755,0.7612802822649881,0.22481139719134652,-0.024630828630828633
0.3731,0.7005197797648565,0.25214664465415126,-0.05527092727092727
0.3179,0.6196633997620996,0.2823944162087871,0.1801833721833722
0.2996,0.5061114695987636,0.3288020777056715,-0.03398871398871399
0.3987,0.6878465947058063,0.260998944703254,-0.0012678612678612678
0.4072,0.5939473479488611,0.29282738847049233,-0.0034003834003834004
0.2725,0.5376583060833445,0.32111843175330507,-0.005919053919053919
0.3907,0.29836274725994505,0.3951410037194719,-0.0383945423945424
0.4298,0.7411459790031161,0.23185723385830556,0.12056068856068856
0.3465,0.6415694220763873,0.2779843626983261,0.07625803625803626
0.4487,0.8619955199812908,0.16877593021771084,0.029830601830601832
0.4124,0.7202580891080588,0.24378148831799715,0.016691596691596693
0.4149,0.7480266265250017,0.22958159312292165,0.13908208308208309
0.3743,0.7274532172752616,0.2456102623131244,0.07435628635628637
0.4302,0.8866660653374456,0.1528710071388623,0.029744909744909745
0.3928,0.6542866558171815,0.2717213900104428,0.06542525342525343
0.4165,0.8549791111051923,0.17355540404529238,-0.012607812607812609
0.3078,0.566805377012462,0.3074503049333069,0.013252957252957253
0.4318,0.8146476254842199,0.1963847578321947,-0.047776535776535775
0.3633,0.7030792631165712,0.2515307103220115,-0.03480853080853081
0.2104,0.38270458367859306,0.3730247135989164,0.016395484395484397
0.4366,0.7012552551056511,0.24969807172879765,0.08098463698463698
0.4288,0.8472372667105333,0.17841377046167683,0.04856226056226057
0.383,0.7232811225843867,0.24258259562773166,-0.06148257748257749
0.3916,0.7406276052764631,0.23238058570439155,-0.13633392433392433
0.4222,0.7756382177624906,0.2166698276586537,0.011363591363591365
0.4418,0.8283735334914804,0.1893826355211247,-0.035561003561003564
0.4492,0.7898166437055892,0.20930035514306347,0.08966801366801368
0.3808,0.6890081615859591,0.2574120787802229,-0.02205109005109005
0.4029,0.851082592978728,0.17584290254893642,0.0480960240960241
0.2673,0.4555534051715384,0.3487585061623873,0.024675228675228675
0.3832,0.31795476361582725,0.3930066386608161,0.005727161727161728
0.4244,0.845549155925297,0.1790572244154154,0.04682090282090283
0.4022,0.8094693725267432,0.1993430484453612,0.05986210786210787
0.4003,0.8115366980223703,0.19848727901342014,-0.037506181506181506
0.385,0.5561365136493898,0.3025827770204497,-0.12296084696084698
0.4132,0.8000049634966978,0.20464665630387088,0.0031349191349191352
0.4233,0.7574177679122358,0.2265437309972353,-0.15319919719919722
0.3935,0.6708055813690729,0.26729747627787115,0.04512665712665713
0.2607,0.5442775477354864,0.31746914592732584,0.09565090765090765
0.3595,0.5713700015109373,0.29350423266717224,0.13394918594918598
0.2137,0.24873947561820195,0.4146444853312638,0.07871013071013072
0.3597,0.6240460845992566,0.28390968708748093,0.07116848316848316
0.3017,0.521145288099546,0.32495641289532323,0.0006266886266886267
0.4054,0.6812694549710752,0.2614353628634081,0.08100545700545701
0.3579,0.7079104525052282,0.2498192891547423,0.03839441039441039
0.2463,0.5861778044667751,0.2989410740618925,0.03600775200775201
0.3605,0.7198893041549597,0.2430628705184298,0.015761631761631763
0.2735,0.3588634674778278,0.3806870607540412,0.021372933372933375
0.3407,0.7459347745696444,0.2333024625855402,0.05265719265719266
0.3428,0.6615800402240223,0.2700963819080101,0.02456943656943657
0.4332,0.7568390736947792,0.22470051538252708,-0.03460568260568261
0.2109,0.29843735280950956,0.40400381596813867,0.01444037044037044
0.4347,0.8287819933892159,0.1872118416345718,0.1312052272052272
0.4152,0.8360293371312778,0.19663175663304588,0.35526631926631924
0.3319,0.5603717228480132,0.30873013292293955,-0.010084126084126087
0.4175,0.8006715504123557,0.2040644438560344,0.003742071742071742
0.3336,0.4591037706564389,0.3394903405264886,-0.023030447030447033
0.4389,0.8311784591304059,0.186950686246239,0.06346044346044345
0.3151,0.50012202491154,0.32690684852973584,0.014953130953130955
0.4471,0.8254888938407736,0.19048149711408424,0.08534673734673734
0.4468,0.8294190550377318,0.18674378203250336,0.07251141651141652
0.2811,0.43309091335315364,0.356653790447109,0.047781227781227786
0.4305,0.8543847379385512,0.17392347662614002,0.005805029805029806
0.4159,0.6202343022879047,0.2868184085451099,-0.06458879258879259
0.289,0.5730478800978648,0.3060495412899424,0.003668595668595669
0.4374,0.756076155558765,0.22457615673843945,0.05007609807609808
0.3355,0.6986737914884839,0.255165012993212,-0.010181638181638182
0.385,0.710904764562181,0.25102111471356947,-0.03900870300870301
0.2008,0.13522087274801128,0.44784119338892725,0.018895038895038897
0.3468,0.4796806579588637,0.3372672532518072,-0.026015330015330018
0.308,0.45684080447123737,0.34909496704886656,-0.18263551463551464
0.3222,0.5649395982015974,0.30952225991301646,0.025620397620397622
0.2598,0.5542206262709187,0.31306898038338143,-0.07557272757272758
0.402,0.7625785748372846,0.22447278745275495,-0.13074113874113877
0.4282,0.8283365579129731,0.18905320804016665,0.011476295476295478
0.401,0.7951829800677019,0.20699633335519327,0.010211194211194211
0.3619,0.593226113999479,0.29696250839750654,-0.03924666324666325
0.2405,0.30028001089121453,0.39919187459542743,-0.04250639450639451
0.3318,0.3803846068261693,0.374380217774443,-0.0665820905820906
0.3968,0.8355843955087927,0.18489863918884192,0.0403938763938764
0.4357,0.8063779934549284,0.20070839197613524,-0.06601564201564201
0.4326,0.666845414663918,0.2628156847935926,0.1836785556785557
0.4051,0.8647178797506503,0.16723894502339076,-0.11239369639369641
0.3298,0.5090373361614058,0.328315139111355,0.06864538464538465
0.441,0.783119206841562,0.2142418564998465,-0.07268088068088069
0.2737,0.5549885459920256,0.3115821494641325,0.024833196833196836
0.4365,0.8295271504369512,0.18853780786199478,-0.07585837585837586
0.4278,0.8738836199849103,0.16172164405586517,0.04246596646596647
0.3459,0.6064062552382814,0.28998183172651903,0.0850929730929731
0.3339,0.5254745588890093,0.31884254585876,-0.05084684684684686
0.2858,0.5496846860078191,0.3146131158440263,0.04976494976494977
0.4225,0.8337217468998884,0.1872919620377843,0.038703650703650706
0.4015,0.8373413926926601,0.18423135316841982,0.06132364932364933
0.2733,0.5239803238791206,0.32552936317266346,-0.03798064998064998
0.3654,0.6206174824082854,0.2854907019853947,0.07962419562419563
0.4017,0.8011106672028665,0.20301920314411942,0.05801047001047002
0.4535,0.7987113860222825,0.20564462524528052,-0.027804351804351805
0.412,0.8681095939021509,0.16495933576721875,0.00962021762021762
0.4055,0.8621611349147332,0.16905007981531006,0.022276210276210278
0.4274,0.5713656465863868,0.3065888828978129,-0.004574476574476574
0.3635,0.7018443888109729,0.2511608298130941,0.08228171828171829
0.2655,0.46829642560161766,0.3436702153354657,-0.019303615303615306
0.4235,0.8554398680127964,0.17298745210931074,0.017540381540381542
0.4221,0.852855572194567,0.17437134104000312,0.06658149058149058
0.3636,0.6653108230955004,0.26855584450471803,0.020016920016920018
0.3907,0.7248710294797857,0.24165578355807127,0.12087907287907289
0.4294,0.7794117747603435,0.21514230044438734,-0.0651952491952492
0.3895,0.3563702016735396,0.37756200707931087,0.08224832224832225
0.3993,0.778843519699095,0.21546202367767245,-0.07908069108069107
0.4194,0.8441307447307138,0.17989055359079567,0.010605718605718606
0.3873,0.797576486593957,0.20691977930834687,-0.04058903258903259
0.3654,0.5612768380340123,0.29509715489328736,0.13682008082008085
0.4334,0.7972367784598627,0.2050982239197073,0.03238264438264439
0.4478,0.6810247909762108,0.2567211258829631,0.13555759555759556
0.3459,0.6304143365230691,0.28453792233774755,0.09619822819822821
0.4129,0.7544961670842829,0.22715540175870896,0.036548088548088546
0.2668,0.35150538413563853,0.38177018705603033,-0.03981275181275182
0.3955,0.854969647892871,0.17360659964228337,0.009695145695145695
0.4426,0.7269516685859851,0.23766671197994127,-0.08021298821298822
0.3559,0.5602794393026311,0.310100491803432,-0.031004227004227006
0.2334,0.30847362283830426,0.3978352752230442,0.028808500808500805
0.4176,0.7442133448070736,0.2314849570368146,-0.008518712518712519
0.395,0.747284905946361,0.23043389263186115,-0.0736111816111816
0.3666,0.5461300916981363,0.315738509369213,0.006202902202902203
0.3689,0.7158335555139465,0.2452649572407974,-0.04676218676218676
0.2598,0.35487111185211156,0.3843508840945356,-0.10070552870552871
0.3531,0.6166716750211798,0.28806447552899284,0.03521637521637522
0.32,0.5226990955111247,0.32467367700710686,0.09706300906300908
0.39,0.8064951365224057,0.20095894600583855,0.0030250350250350254
0.4041,0.8051148871571958,0.2016799800447069,-0.058748854748854745
0.2807,0.5674316405953146,0.30755841014331664,0.03388655788655788
0.4113,0.8558908463690471,0.1725755538681169,0.0029982149982149984
0.4134,0.8404224706154408,0.18227967924857108,0.024998700998701
0.3823,0.650509061132485,0.2742059221086639,0.018603822603822606
0.4319,0.6565456938843677,0.2649154104536534,-0.015322539322539323
0.403,0.850607006840819,0.17661590404499894,0.043286083286083285
0.2551,0.48695484379002396,0.3369325783177998,-0.07295100095100095
0.1374,0.23779221851051996,0.4157519990354144,0.061610485610485606
0.4315,0.8264387878507249,0.19032757959067756,0.10244658644658645
0.336,0.5220298209922454,0.325404699129587,0.0862937062937063
0.4234,0.8396599127343587,0.1829406849786784,0.05493624693624694
0.242,0.17021681010277442,0.4359125346157619,0.10746220746220747
0.2559,0.2973165789904767,0.4022805757986967,-0.012463272463272463
0.2567,0.3719216133779911,0.3780366776096136,-0.09359969759969759
0.3164,0.47560846446823823,0.34052694134669104,0.0894851094851095
0.3671,0.6568648427325483,0.271896204321553,0.08057054057054058
0.427,0.8518810024944363,0.17528383125561126,0.00838001638001638
0.406,0.7878460200437494,0.21065515186218783,0.05855906255906257
0.4394,0.8224573992117312,0.1925426237273376,0.039598887598887605
0.2006,0.3036313357281681,0.4039270088085419,-0.03843827043827044
0.192,0.3211378155213946,0.39311216259441834,0.016914760914760917
0.4166,0.8753418803314872,0.16046236853745602,0.05285557685557687
0.3671,0.7197863341490413,0.2444608376991157,0.05634340434340435
0.4157,0.8584764158137047,0.1733020803382679,0.007513339513339513
0.4361,0.7674608462812293,0.22060839314193906,0.05701425301425301
